-- MySQL dump 10.13  Distrib 5.5.24, for debian-linux-gnu (x86_64)
--
-- Host: localhost    Database: archimulator
-- ------------------------------------------------------
-- Server version	5.5.24-5

/*!40101 SET @OLD_CHARACTER_SET_CLIENT=@@CHARACTER_SET_CLIENT */;
/*!40101 SET @OLD_CHARACTER_SET_RESULTS=@@CHARACTER_SET_RESULTS */;
/*!40101 SET @OLD_COLLATION_CONNECTION=@@COLLATION_CONNECTION */;
/*!40101 SET NAMES utf8 */;
/*!40103 SET @OLD_TIME_ZONE=@@TIME_ZONE */;
/*!40103 SET TIME_ZONE='+00:00' */;
/*!40014 SET @OLD_UNIQUE_CHECKS=@@UNIQUE_CHECKS, UNIQUE_CHECKS=0 */;
/*!40014 SET @OLD_FOREIGN_KEY_CHECKS=@@FOREIGN_KEY_CHECKS, FOREIGN_KEY_CHECKS=0 */;
/*!40101 SET @OLD_SQL_MODE=@@SQL_MODE, SQL_MODE='NO_AUTO_VALUE_ON_ZERO' */;
/*!40111 SET @OLD_SQL_NOTES=@@SQL_NOTES, SQL_NOTES=0 */;

--
-- Table structure for table `Architecture`
--

DROP TABLE IF EXISTS `Architecture`;
/*!40101 SET @saved_cs_client     = @@character_set_client */;
/*!40101 SET character_set_client = utf8 */;
CREATE TABLE `Architecture` (
  `id` bigint(20) NOT NULL AUTO_INCREMENT,
  `title` varchar(255) DEFAULT NULL,
  `createTime` bigint(20) DEFAULT NULL,
  `helperThreadPthreadSpawnIndex` int(11) DEFAULT NULL,
  `dynamicSpeculativePrecomputationEnabled` tinyint(1) DEFAULT NULL,
  `numMainThreadWaysInStaticPartitionedLRUPolicy` int(11) DEFAULT NULL,
  `numCores` int(11) DEFAULT NULL,
  `numThreadsPerCore` int(11) DEFAULT NULL,
  `physicalRegisterFileCapacity` int(11) DEFAULT NULL,
  `decodeWidth` int(11) DEFAULT NULL,
  `issueWidth` int(11) DEFAULT NULL,
  `commitWidth` int(11) DEFAULT NULL,
  `decodeBufferCapacity` int(11) DEFAULT NULL,
  `reorderBufferCapacity` int(11) DEFAULT NULL,
  `loadStoreQueueCapacity` int(11) DEFAULT NULL,
  `branchPredictorType` varchar(100) DEFAULT NULL,
  `twoBitBranchPredictorBimodSize` int(11) DEFAULT NULL,
  `twoBitBranchPredictorBranchTargetBufferNumSets` int(11) DEFAULT NULL,
  `twoBitBranchPredictorBranchTargetBufferAssociativity` int(11) DEFAULT NULL,
  `twoBitBranchPredictorReturnAddressStackSize` int(11) DEFAULT NULL,
  `twoLevelBranchPredictorL1Size` int(11) DEFAULT NULL,
  `twoLevelBranchPredictorL2Size` int(11) DEFAULT NULL,
  `twoLevelBranchPredictorShiftWidth` int(11) DEFAULT NULL,
  `twoLevelBranchPredictorXor` tinyint(1) DEFAULT NULL,
  `twoLevelBranchPredictorBranchTargetBufferNumSets` int(11) DEFAULT NULL,
  `twoLevelBranchPredictorBranchTargetBufferAssociativity` int(11) DEFAULT NULL,
  `twoLevelBranchPredictorReturnAddressStackSize` int(11) DEFAULT NULL,
  `combinedBranchPredictorBimodSize` int(11) DEFAULT NULL,
  `combinedBranchPredictorL1Size` int(11) DEFAULT NULL,
  `combinedBranchPredictorL2Size` int(11) DEFAULT NULL,
  `combinedBranchPredictorMetaSize` int(11) DEFAULT NULL,
  `combinedBranchPredictorShiftWidth` int(11) DEFAULT NULL,
  `combinedBranchPredictorXor` tinyint(1) DEFAULT NULL,
  `combinedBranchPredictorBranchTargetBufferNumSets` int(11) DEFAULT NULL,
  `combinedBranchPredictorBranchTargetBufferAssociativity` int(11) DEFAULT NULL,
  `combinedBranchPredictorReturnAddressStackSize` int(11) DEFAULT NULL,
  `tlbSize` int(11) DEFAULT NULL,
  `tlbAssociativity` int(11) DEFAULT NULL,
  `tlbLineSize` int(11) DEFAULT NULL,
  `tlbHitLatency` int(11) DEFAULT NULL,
  `tlbMissLatency` int(11) DEFAULT NULL,
  `l1ISize` int(11) DEFAULT NULL,
  `l1IAssociativity` int(11) DEFAULT NULL,
  `l1ILineSize` int(11) DEFAULT NULL,
  `l1IHitLatency` int(11) DEFAULT NULL,
  `l1INumReadPorts` int(11) DEFAULT NULL,
  `l1INumWritePorts` int(11) DEFAULT NULL,
  `l1IReplacementPolicyType` varchar(100) DEFAULT NULL,
  `l1DSize` int(11) DEFAULT NULL,
  `l1DAssociativity` int(11) DEFAULT NULL,
  `l1DLineSize` int(11) DEFAULT NULL,
  `l1DHitLatency` int(11) DEFAULT NULL,
  `l1DNumReadPorts` int(11) DEFAULT NULL,
  `l1DNumWritePorts` int(11) DEFAULT NULL,
  `l1DReplacementPolicyType` varchar(100) DEFAULT NULL,
  `l2Size` int(11) DEFAULT NULL,
  `l2Associativity` int(11) DEFAULT NULL,
  `l2LineSize` int(11) DEFAULT NULL,
  `l2HitLatency` int(11) DEFAULT NULL,
  `l2ReplacementPolicyType` varchar(100) DEFAULT NULL,
  `memoryControllerType` varchar(100) DEFAULT NULL,
  `memoryControllerLineSize` int(11) DEFAULT NULL,
  `fixedLatencyMemoryControllerLatency` int(11) DEFAULT NULL,
  `simpleMemoryControllerMemoryLatency` int(11) DEFAULT NULL,
  `simpleMemoryControllerMemoryTrunkLatency` int(11) DEFAULT NULL,
  `simpleMemoryControllerBusWidth` int(11) DEFAULT NULL,
  `basicMemoryControllerToDramLatency` int(11) DEFAULT NULL,
  `basicMemoryControllerFromDramLatency` int(11) DEFAULT NULL,
  `basicMemoryControllerPrechargeLatency` int(11) DEFAULT NULL,
  `basicMemoryControllerClosedLatency` int(11) DEFAULT NULL,
  `basicMemoryControllerConflictLatency` int(11) DEFAULT NULL,
  `basicMemoryControllerBusWidth` int(11) DEFAULT NULL,
  `basicMemoryControllerNumBanks` int(11) DEFAULT NULL,
  `basicMemoryControllerRowSize` int(11) DEFAULT NULL,
  PRIMARY KEY (`id`)
) ENGINE=InnoDB AUTO_INCREMENT=30 DEFAULT CHARSET=utf8;
/*!40101 SET character_set_client = @saved_cs_client */;

--
-- Dumping data for table `Architecture`
--

LOCK TABLES `Architecture` WRITE;
/*!40000 ALTER TABLE `Architecture` DISABLE KEYS */;
INSERT INTO `Architecture` VALUES (1,'C2T2-L1I_32KB_Assoc8-l1D_32KB_Assoc8-L2_4MB_Assoc16_LRU_MTPart-1_FIXED_LATENCY',1386859914986,3720,0,-1,2,2,128,4,4,4,96,96,48,'PERFECT',2048,512,4,8,1,1024,8,0,512,4,8,2048,1,1024,1024,8,0,512,4,8,32768,4,64,2,30,32768,8,64,1,128,128,'LRU',32768,8,64,1,128,128,'LRU',4194304,16,64,10,'LRU','FIXED_LATENCY',64,200,200,2,4,6,12,90,90,90,4,8,2048),(2,'C2T2-L1I_64KB_Assoc4-l1D_64KB_Assoc4-L2_96KB_Assoc16_LRU_MTPart-1_FIXED_LATENCY',1386859915130,3720,0,-1,2,2,128,4,4,4,96,96,48,'PERFECT',2048,512,4,8,1,1024,8,0,512,4,8,2048,1,1024,1024,8,0,512,4,8,32768,4,64,2,30,65536,4,64,1,128,128,'LRU',65536,4,64,1,128,128,'LRU',98304,16,64,10,'LRU','FIXED_LATENCY',64,200,200,2,4,6,12,90,90,90,4,8,2048),(3,'C2T2-L1I_64KB_Assoc4-l1D_64KB_Assoc4-L2_128KB_Assoc16_LRU_MTPart-1_FIXED_LATENCY',1386859915189,3720,0,-1,2,2,128,4,4,4,96,96,48,'PERFECT',2048,512,4,8,1,1024,8,0,512,4,8,2048,1,1024,1024,8,0,512,4,8,32768,4,64,2,30,65536,4,64,1,128,128,'LRU',65536,4,64,1,128,128,'LRU',131072,16,64,10,'LRU','FIXED_LATENCY',64,200,200,2,4,6,12,90,90,90,4,8,2048),(4,'C2T2-L1I_64KB_Assoc4-l1D_64KB_Assoc4-L2_256KB_Assoc16_LRU_MTPart-1_FIXED_LATENCY',1386859915206,3720,0,-1,2,2,128,4,4,4,96,96,48,'PERFECT',2048,512,4,8,1,1024,8,0,512,4,8,2048,1,1024,1024,8,0,512,4,8,32768,4,64,2,30,65536,4,64,1,128,128,'LRU',65536,4,64,1,128,128,'LRU',262144,16,64,10,'LRU','FIXED_LATENCY',64,200,200,2,4,6,12,90,90,90,4,8,2048),(5,'C2T2-L1I_64KB_Assoc4-l1D_64KB_Assoc4-L2_512KB_Assoc16_LRU_MTPart-1_FIXED_LATENCY',1386859915229,3720,0,-1,2,2,128,4,4,4,96,96,48,'PERFECT',2048,512,4,8,1,1024,8,0,512,4,8,2048,1,1024,1024,8,0,512,4,8,32768,4,64,2,30,65536,4,64,1,128,128,'LRU',65536,4,64,1,128,128,'LRU',524288,16,64,10,'LRU','FIXED_LATENCY',64,200,200,2,4,6,12,90,90,90,4,8,2048),(6,'C2T2-L1I_64KB_Assoc4-l1D_64KB_Assoc4-L2_1MB_Assoc16_LRU_MTPart-1_FIXED_LATENCY',1386859915974,3720,0,-1,2,2,128,4,4,4,96,96,48,'PERFECT',2048,512,4,8,1,1024,8,0,512,4,8,2048,1,1024,1024,8,0,512,4,8,32768,4,64,2,30,65536,4,64,1,128,128,'LRU',65536,4,64,1,128,128,'LRU',1048576,16,64,10,'LRU','FIXED_LATENCY',64,200,200,2,4,6,12,90,90,90,4,8,2048),(7,'C2T2-L1I_64KB_Assoc4-l1D_64KB_Assoc4-L2_2MB_Assoc16_LRU_MTPart-1_FIXED_LATENCY',1386859916001,3720,0,-1,2,2,128,4,4,4,96,96,48,'PERFECT',2048,512,4,8,1,1024,8,0,512,4,8,2048,1,1024,1024,8,0,512,4,8,32768,4,64,2,30,65536,4,64,1,128,128,'LRU',65536,4,64,1,128,128,'LRU',2097152,16,64,10,'LRU','FIXED_LATENCY',64,200,200,2,4,6,12,90,90,90,4,8,2048),(8,'C2T2-L1I_64KB_Assoc4-l1D_64KB_Assoc4-L2_96KB_Assoc16_STATIC_CACHE_PARTITIONING_LRU_MTPart1_FIXED_LATENCY',1386859916232,3720,0,1,2,2,128,4,4,4,96,96,48,'PERFECT',2048,512,4,8,1,1024,8,0,512,4,8,2048,1,1024,1024,8,0,512,4,8,32768,4,64,2,30,65536,4,64,1,128,128,'LRU',65536,4,64,1,128,128,'LRU',98304,16,64,10,'STATIC_CACHE_PARTITIONING_LRU','FIXED_LATENCY',64,200,200,2,4,6,12,90,90,90,4,8,2048),(9,'C2T2-L1I_64KB_Assoc4-l1D_64KB_Assoc4-L2_96KB_Assoc16_STATIC_CACHE_PARTITIONING_LRU_MTPart2_FIXED_LATENCY',1386859916249,3720,0,2,2,2,128,4,4,4,96,96,48,'PERFECT',2048,512,4,8,1,1024,8,0,512,4,8,2048,1,1024,1024,8,0,512,4,8,32768,4,64,2,30,65536,4,64,1,128,128,'LRU',65536,4,64,1,128,128,'LRU',98304,16,64,10,'STATIC_CACHE_PARTITIONING_LRU','FIXED_LATENCY',64,200,200,2,4,6,12,90,90,90,4,8,2048),(10,'C2T2-L1I_64KB_Assoc4-l1D_64KB_Assoc4-L2_96KB_Assoc16_STATIC_CACHE_PARTITIONING_LRU_MTPart3_FIXED_LATENCY',1386859916266,3720,0,3,2,2,128,4,4,4,96,96,48,'PERFECT',2048,512,4,8,1,1024,8,0,512,4,8,2048,1,1024,1024,8,0,512,4,8,32768,4,64,2,30,65536,4,64,1,128,128,'LRU',65536,4,64,1,128,128,'LRU',98304,16,64,10,'STATIC_CACHE_PARTITIONING_LRU','FIXED_LATENCY',64,200,200,2,4,6,12,90,90,90,4,8,2048),(11,'C2T2-L1I_64KB_Assoc4-l1D_64KB_Assoc4-L2_96KB_Assoc16_STATIC_CACHE_PARTITIONING_LRU_MTPart4_FIXED_LATENCY',1386859916282,3720,0,4,2,2,128,4,4,4,96,96,48,'PERFECT',2048,512,4,8,1,1024,8,0,512,4,8,2048,1,1024,1024,8,0,512,4,8,32768,4,64,2,30,65536,4,64,1,128,128,'LRU',65536,4,64,1,128,128,'LRU',98304,16,64,10,'STATIC_CACHE_PARTITIONING_LRU','FIXED_LATENCY',64,200,200,2,4,6,12,90,90,90,4,8,2048),(12,'C2T2-L1I_64KB_Assoc4-l1D_64KB_Assoc4-L2_96KB_Assoc16_STATIC_CACHE_PARTITIONING_LRU_MTPart5_FIXED_LATENCY',1386859916304,3720,0,5,2,2,128,4,4,4,96,96,48,'PERFECT',2048,512,4,8,1,1024,8,0,512,4,8,2048,1,1024,1024,8,0,512,4,8,32768,4,64,2,30,65536,4,64,1,128,128,'LRU',65536,4,64,1,128,128,'LRU',98304,16,64,10,'STATIC_CACHE_PARTITIONING_LRU','FIXED_LATENCY',64,200,200,2,4,6,12,90,90,90,4,8,2048),(13,'C2T2-L1I_64KB_Assoc4-l1D_64KB_Assoc4-L2_96KB_Assoc16_STATIC_CACHE_PARTITIONING_LRU_MTPart6_FIXED_LATENCY',1386859916320,3720,0,6,2,2,128,4,4,4,96,96,48,'PERFECT',2048,512,4,8,1,1024,8,0,512,4,8,2048,1,1024,1024,8,0,512,4,8,32768,4,64,2,30,65536,4,64,1,128,128,'LRU',65536,4,64,1,128,128,'LRU',98304,16,64,10,'STATIC_CACHE_PARTITIONING_LRU','FIXED_LATENCY',64,200,200,2,4,6,12,90,90,90,4,8,2048),(14,'C2T2-L1I_64KB_Assoc4-l1D_64KB_Assoc4-L2_96KB_Assoc16_STATIC_CACHE_PARTITIONING_LRU_MTPart7_FIXED_LATENCY',1386859916339,3720,0,7,2,2,128,4,4,4,96,96,48,'PERFECT',2048,512,4,8,1,1024,8,0,512,4,8,2048,1,1024,1024,8,0,512,4,8,32768,4,64,2,30,65536,4,64,1,128,128,'LRU',65536,4,64,1,128,128,'LRU',98304,16,64,10,'STATIC_CACHE_PARTITIONING_LRU','FIXED_LATENCY',64,200,200,2,4,6,12,90,90,90,4,8,2048),(15,'C2T2-L1I_64KB_Assoc4-l1D_64KB_Assoc4-L2_96KB_Assoc16_STATIC_CACHE_PARTITIONING_LRU_MTPart8_FIXED_LATENCY',1386859916357,3720,0,8,2,2,128,4,4,4,96,96,48,'PERFECT',2048,512,4,8,1,1024,8,0,512,4,8,2048,1,1024,1024,8,0,512,4,8,32768,4,64,2,30,65536,4,64,1,128,128,'LRU',65536,4,64,1,128,128,'LRU',98304,16,64,10,'STATIC_CACHE_PARTITIONING_LRU','FIXED_LATENCY',64,200,200,2,4,6,12,90,90,90,4,8,2048),(16,'C2T2-L1I_64KB_Assoc4-l1D_64KB_Assoc4-L2_96KB_Assoc16_STATIC_CACHE_PARTITIONING_LRU_MTPart9_FIXED_LATENCY',1386859916374,3720,0,9,2,2,128,4,4,4,96,96,48,'PERFECT',2048,512,4,8,1,1024,8,0,512,4,8,2048,1,1024,1024,8,0,512,4,8,32768,4,64,2,30,65536,4,64,1,128,128,'LRU',65536,4,64,1,128,128,'LRU',98304,16,64,10,'STATIC_CACHE_PARTITIONING_LRU','FIXED_LATENCY',64,200,200,2,4,6,12,90,90,90,4,8,2048),(17,'C2T2-L1I_64KB_Assoc4-l1D_64KB_Assoc4-L2_96KB_Assoc16_STATIC_CACHE_PARTITIONING_LRU_MTPart10_FIXED_LATENCY',1386859916394,3720,0,10,2,2,128,4,4,4,96,96,48,'PERFECT',2048,512,4,8,1,1024,8,0,512,4,8,2048,1,1024,1024,8,0,512,4,8,32768,4,64,2,30,65536,4,64,1,128,128,'LRU',65536,4,64,1,128,128,'LRU',98304,16,64,10,'STATIC_CACHE_PARTITIONING_LRU','FIXED_LATENCY',64,200,200,2,4,6,12,90,90,90,4,8,2048),(18,'C2T2-L1I_64KB_Assoc4-l1D_64KB_Assoc4-L2_96KB_Assoc16_STATIC_CACHE_PARTITIONING_LRU_MTPart11_FIXED_LATENCY',1386859916408,3720,0,11,2,2,128,4,4,4,96,96,48,'PERFECT',2048,512,4,8,1,1024,8,0,512,4,8,2048,1,1024,1024,8,0,512,4,8,32768,4,64,2,30,65536,4,64,1,128,128,'LRU',65536,4,64,1,128,128,'LRU',98304,16,64,10,'STATIC_CACHE_PARTITIONING_LRU','FIXED_LATENCY',64,200,200,2,4,6,12,90,90,90,4,8,2048),(19,'C2T2-L1I_64KB_Assoc4-l1D_64KB_Assoc4-L2_96KB_Assoc16_STATIC_CACHE_PARTITIONING_LRU_MTPart12_FIXED_LATENCY',1386859916428,3720,0,12,2,2,128,4,4,4,96,96,48,'PERFECT',2048,512,4,8,1,1024,8,0,512,4,8,2048,1,1024,1024,8,0,512,4,8,32768,4,64,2,30,65536,4,64,1,128,128,'LRU',65536,4,64,1,128,128,'LRU',98304,16,64,10,'STATIC_CACHE_PARTITIONING_LRU','FIXED_LATENCY',64,200,200,2,4,6,12,90,90,90,4,8,2048),(20,'C2T2-L1I_64KB_Assoc4-l1D_64KB_Assoc4-L2_96KB_Assoc16_STATIC_CACHE_PARTITIONING_LRU_MTPart13_FIXED_LATENCY',1386859916446,3720,0,13,2,2,128,4,4,4,96,96,48,'PERFECT',2048,512,4,8,1,1024,8,0,512,4,8,2048,1,1024,1024,8,0,512,4,8,32768,4,64,2,30,65536,4,64,1,128,128,'LRU',65536,4,64,1,128,128,'LRU',98304,16,64,10,'STATIC_CACHE_PARTITIONING_LRU','FIXED_LATENCY',64,200,200,2,4,6,12,90,90,90,4,8,2048),(21,'C2T2-L1I_64KB_Assoc4-l1D_64KB_Assoc4-L2_96KB_Assoc16_STATIC_CACHE_PARTITIONING_LRU_MTPart14_FIXED_LATENCY',1386859916460,3720,0,14,2,2,128,4,4,4,96,96,48,'PERFECT',2048,512,4,8,1,1024,8,0,512,4,8,2048,1,1024,1024,8,0,512,4,8,32768,4,64,2,30,65536,4,64,1,128,128,'LRU',65536,4,64,1,128,128,'LRU',98304,16,64,10,'STATIC_CACHE_PARTITIONING_LRU','FIXED_LATENCY',64,200,200,2,4,6,12,90,90,90,4,8,2048),(22,'C2T2-L1I_64KB_Assoc4-l1D_64KB_Assoc4-L2_96KB_Assoc16_STATIC_CACHE_PARTITIONING_LRU_MTPart15_FIXED_LATENCY',1386859916480,3720,0,15,2,2,128,4,4,4,96,96,48,'PERFECT',2048,512,4,8,1,1024,8,0,512,4,8,2048,1,1024,1024,8,0,512,4,8,32768,4,64,2,30,65536,4,64,1,128,128,'LRU',65536,4,64,1,128,128,'LRU',98304,16,64,10,'STATIC_CACHE_PARTITIONING_LRU','FIXED_LATENCY',64,200,200,2,4,6,12,90,90,90,4,8,2048),(23,'C2T2-L1I_64KB_Assoc4-l1D_64KB_Assoc4-L2_96KB_Assoc16_CPI_BASED_CACHE_PARTITIONING_LRU_MTPart-1_FIXED_LATENCY',1386859916521,3720,0,-1,2,2,128,4,4,4,96,96,48,'PERFECT',2048,512,4,8,1,1024,8,0,512,4,8,2048,1,1024,1024,8,0,512,4,8,32768,4,64,2,30,65536,4,64,1,128,128,'LRU',65536,4,64,1,128,128,'LRU',98304,16,64,10,'CPI_BASED_CACHE_PARTITIONING_LRU','FIXED_LATENCY',64,200,200,2,4,6,12,90,90,90,4,8,2048),(24,'C2T2-L1I_64KB_Assoc4-l1D_64KB_Assoc4-L2_96KB_Assoc16_MIN_MISS_CACHE_PARTITIONING_LRU_MTPart-1_FIXED_LATENCY',1386859916538,3720,0,-1,2,2,128,4,4,4,96,96,48,'PERFECT',2048,512,4,8,1,1024,8,0,512,4,8,2048,1,1024,1024,8,0,512,4,8,32768,4,64,2,30,65536,4,64,1,128,128,'LRU',65536,4,64,1,128,128,'LRU',98304,16,64,10,'MIN_MISS_CACHE_PARTITIONING_LRU','FIXED_LATENCY',64,200,200,2,4,6,12,90,90,90,4,8,2048),(25,'C2T2-L1I_64KB_Assoc4-l1D_64KB_Assoc4-L2_96KB_Assoc16_MLP_AWARE_CACHE_PARTITIONING_LRU_MTPart-1_FIXED_LATENCY',1386859916554,3720,0,-1,2,2,128,4,4,4,96,96,48,'PERFECT',2048,512,4,8,1,1024,8,0,512,4,8,2048,1,1024,1024,8,0,512,4,8,32768,4,64,2,30,65536,4,64,1,128,128,'LRU',65536,4,64,1,128,128,'LRU',98304,16,64,10,'MLP_AWARE_CACHE_PARTITIONING_LRU','FIXED_LATENCY',64,200,200,2,4,6,12,90,90,90,4,8,2048),(26,'C2T2-L1I_64KB_Assoc4-l1D_64KB_Assoc4-L2_96KB_Assoc16_PREFETCH_AWARE_RHM_LRU_MTPart-1_FIXED_LATENCY',1386859916589,3720,0,-1,2,2,128,4,4,4,96,96,48,'PERFECT',2048,512,4,8,1,1024,8,0,512,4,8,2048,1,1024,1024,8,0,512,4,8,32768,4,64,2,30,65536,4,64,1,128,128,'LRU',65536,4,64,1,128,128,'LRU',98304,16,64,10,'PREFETCH_AWARE_RHM_LRU','FIXED_LATENCY',64,200,200,2,4,6,12,90,90,90,4,8,2048),(27,'C2T2-L1I_64KB_Assoc4-l1D_64KB_Assoc4-L2_96KB_Assoc16_REUSE_DISTANCE_PREDICTION_MTPart-1_FIXED_LATENCY',1386859916604,3720,0,-1,2,2,128,4,4,4,96,96,48,'PERFECT',2048,512,4,8,1,1024,8,0,512,4,8,2048,1,1024,1024,8,0,512,4,8,32768,4,64,2,30,65536,4,64,1,128,128,'LRU',65536,4,64,1,128,128,'LRU',98304,16,64,10,'REUSE_DISTANCE_PREDICTION','FIXED_LATENCY',64,200,200,2,4,6,12,90,90,90,4,8,2048),(28,'C2T2-L1I_64KB_Assoc4-l1D_64KB_Assoc4-L2_96KB_Assoc16_HT_PREF_ACC_BASED_PREF_AND_RDP_SET_DUELING_MTPart-1_FIXED_LATENCY',1386859916627,3720,0,-1,2,2,128,4,4,4,96,96,48,'PERFECT',2048,512,4,8,1,1024,8,0,512,4,8,2048,1,1024,1024,8,0,512,4,8,32768,4,64,2,30,65536,4,64,1,128,128,'LRU',65536,4,64,1,128,128,'LRU',98304,16,64,10,'HT_PREF_ACC_BASED_PREF_AND_RDP_SET_DUELING','FIXED_LATENCY',64,200,200,2,4,6,12,90,90,90,4,8,2048),(29,'C2T2-L1I_64KB_Assoc4-l1D_64KB_Assoc4-L2_96KB_Assoc16_HT_USEFUL_PREF_BASED_PREF_AND_RDP_SET_DUELING_MTPart-1_FIXED_LATENCY',1386859916638,3720,0,-1,2,2,128,4,4,4,96,96,48,'PERFECT',2048,512,4,8,1,1024,8,0,512,4,8,2048,1,1024,1024,8,0,512,4,8,32768,4,64,2,30,65536,4,64,1,128,128,'LRU',65536,4,64,1,128,128,'LRU',98304,16,64,10,'HT_USEFUL_PREF_BASED_PREF_AND_RDP_SET_DUELING','FIXED_LATENCY',64,200,200,2,4,6,12,90,90,90,4,8,2048);
/*!40000 ALTER TABLE `Architecture` ENABLE KEYS */;
UNLOCK TABLES;

--
-- Table structure for table `Experiment`
--

DROP TABLE IF EXISTS `Experiment`;
/*!40101 SET @saved_cs_client     = @@character_set_client */;
/*!40101 SET character_set_client = utf8 */;
CREATE TABLE `Experiment` (
  `id` bigint(20) NOT NULL AUTO_INCREMENT,
  `title` varchar(255) DEFAULT NULL,
  `createTime` bigint(20) DEFAULT NULL,
  `parentId` bigint(20) DEFAULT NULL,
  `type` varchar(100) DEFAULT NULL,
  `state` varchar(100) DEFAULT NULL,
  `failedReason` text,
  `architectureId` bigint(20) DEFAULT NULL,
  `numMaxInstructions` bigint(20) DEFAULT NULL,
  `contextMappings` text,
  PRIMARY KEY (`id`)
) ENGINE=InnoDB AUTO_INCREMENT=139 DEFAULT CHARSET=utf8;
/*!40101 SET character_set_client = @saved_cs_client */;

--
-- Dumping data for table `Experiment`
--

LOCK TABLES `Experiment` WRITE;
/*!40000 ALTER TABLE `Experiment` DISABLE KEYS */;
INSERT INTO `Experiment` VALUES (1,'429.mcf_baseline-two_phase-C2T2-L1I_64KB_Assoc4-l1D_64KB_Assoc4-L2_96KB_Assoc16_LRU_MTPart-1_FIXED_LATENCY',1386859915141,1,'TWO_PHASE','COMPLETED','',2,100000000,'[{\"threadId\":0,\"benchmarkTitle\":\"429.mcf_baseline\",\"arguments\":\"%user.home%/Archimulator/benchmarks/CPU2006_Custom1/429.mcf/baseline/data/ref/input/inp.in\",\"standardOut\":\"ctx0_out.txt\",\"helperThreadLookahead\":-1,\"helperThreadStride\":-1}]'),(2,'429.mcf_baseline-two_phase-C2T2-L1I_64KB_Assoc4-l1D_64KB_Assoc4-L2_128KB_Assoc16_LRU_MTPart-1_FIXED_LATENCY',1386859915198,2,'TWO_PHASE','COMPLETED','',3,100000000,'[{\"threadId\":0,\"benchmarkTitle\":\"429.mcf_baseline\",\"arguments\":\"%user.home%/Archimulator/benchmarks/CPU2006_Custom1/429.mcf/baseline/data/ref/input/inp.in\",\"standardOut\":\"ctx0_out.txt\",\"helperThreadLookahead\":-1,\"helperThreadStride\":-1}]'),(3,'429.mcf_baseline-two_phase-C2T2-L1I_64KB_Assoc4-l1D_64KB_Assoc4-L2_256KB_Assoc16_LRU_MTPart-1_FIXED_LATENCY',1386859915217,2,'TWO_PHASE','COMPLETED','',4,100000000,'[{\"threadId\":0,\"benchmarkTitle\":\"429.mcf_baseline\",\"arguments\":\"%user.home%/Archimulator/benchmarks/CPU2006_Custom1/429.mcf/baseline/data/ref/input/inp.in\",\"standardOut\":\"ctx0_out.txt\",\"helperThreadLookahead\":-1,\"helperThreadStride\":-1}]'),(4,'429.mcf_baseline-two_phase-C2T2-L1I_64KB_Assoc4-l1D_64KB_Assoc4-L2_512KB_Assoc16_LRU_MTPart-1_FIXED_LATENCY',1386859915953,2,'TWO_PHASE','COMPLETED','',5,100000000,'[{\"threadId\":0,\"benchmarkTitle\":\"429.mcf_baseline\",\"arguments\":\"%user.home%/Archimulator/benchmarks/CPU2006_Custom1/429.mcf/baseline/data/ref/input/inp.in\",\"standardOut\":\"ctx0_out.txt\",\"helperThreadLookahead\":-1,\"helperThreadStride\":-1}]'),(5,'429.mcf_baseline-two_phase-C2T2-L1I_64KB_Assoc4-l1D_64KB_Assoc4-L2_1MB_Assoc16_LRU_MTPart-1_FIXED_LATENCY',1386859915990,2,'TWO_PHASE','COMPLETED','',6,100000000,'[{\"threadId\":0,\"benchmarkTitle\":\"429.mcf_baseline\",\"arguments\":\"%user.home%/Archimulator/benchmarks/CPU2006_Custom1/429.mcf/baseline/data/ref/input/inp.in\",\"standardOut\":\"ctx0_out.txt\",\"helperThreadLookahead\":-1,\"helperThreadStride\":-1}]'),(6,'429.mcf_baseline-two_phase-C2T2-L1I_64KB_Assoc4-l1D_64KB_Assoc4-L2_2MB_Assoc16_LRU_MTPart-1_FIXED_LATENCY',1386859916010,2,'TWO_PHASE','COMPLETED','',7,100000000,'[{\"threadId\":0,\"benchmarkTitle\":\"429.mcf_baseline\",\"arguments\":\"%user.home%/Archimulator/benchmarks/CPU2006_Custom1/429.mcf/baseline/data/ref/input/inp.in\",\"standardOut\":\"ctx0_out.txt\",\"helperThreadLookahead\":-1,\"helperThreadStride\":-1}]'),(7,'429.mcf_ht-two_phase-lookahead_20-stride_10-C2T2-L1I_64KB_Assoc4-l1D_64KB_Assoc4-L2_96KB_Assoc16_LRU_MTPart-1_FIXED_LATENCY',1386859916058,3,'TWO_PHASE','COMPLETED','',2,100000000,'[{\"threadId\":0,\"benchmarkTitle\":\"429.mcf_ht\",\"arguments\":\"%user.home%/Archimulator/benchmarks/CPU2006_Custom1/429.mcf/ht/data/ref/input/inp.in\",\"standardOut\":\"ctx0_out.txt\",\"helperThreadLookahead\":20,\"helperThreadStride\":10}]'),(8,'429.mcf_ht-two_phase-lookahead_20-stride_10-C2T2-L1I_64KB_Assoc4-l1D_64KB_Assoc4-L2_128KB_Assoc16_LRU_MTPart-1_FIXED_LATENCY',1386859916092,4,'TWO_PHASE','COMPLETED','',3,100000000,'[{\"threadId\":0,\"benchmarkTitle\":\"429.mcf_ht\",\"arguments\":\"%user.home%/Archimulator/benchmarks/CPU2006_Custom1/429.mcf/ht/data/ref/input/inp.in\",\"standardOut\":\"ctx0_out.txt\",\"helperThreadLookahead\":20,\"helperThreadStride\":10}]'),(9,'429.mcf_ht-two_phase-lookahead_20-stride_10-C2T2-L1I_64KB_Assoc4-l1D_64KB_Assoc4-L2_256KB_Assoc16_LRU_MTPart-1_FIXED_LATENCY',1386859916101,4,'TWO_PHASE','COMPLETED','',4,100000000,'[{\"threadId\":0,\"benchmarkTitle\":\"429.mcf_ht\",\"arguments\":\"%user.home%/Archimulator/benchmarks/CPU2006_Custom1/429.mcf/ht/data/ref/input/inp.in\",\"standardOut\":\"ctx0_out.txt\",\"helperThreadLookahead\":20,\"helperThreadStride\":10}]'),(10,'429.mcf_ht-two_phase-lookahead_20-stride_10-C2T2-L1I_64KB_Assoc4-l1D_64KB_Assoc4-L2_512KB_Assoc16_LRU_MTPart-1_FIXED_LATENCY',1386859916110,4,'TWO_PHASE','COMPLETED','',5,100000000,'[{\"threadId\":0,\"benchmarkTitle\":\"429.mcf_ht\",\"arguments\":\"%user.home%/Archimulator/benchmarks/CPU2006_Custom1/429.mcf/ht/data/ref/input/inp.in\",\"standardOut\":\"ctx0_out.txt\",\"helperThreadLookahead\":20,\"helperThreadStride\":10}]'),(11,'429.mcf_ht-two_phase-lookahead_20-stride_10-C2T2-L1I_64KB_Assoc4-l1D_64KB_Assoc4-L2_1MB_Assoc16_LRU_MTPart-1_FIXED_LATENCY',1386859916121,4,'TWO_PHASE','COMPLETED','',6,100000000,'[{\"threadId\":0,\"benchmarkTitle\":\"429.mcf_ht\",\"arguments\":\"%user.home%/Archimulator/benchmarks/CPU2006_Custom1/429.mcf/ht/data/ref/input/inp.in\",\"standardOut\":\"ctx0_out.txt\",\"helperThreadLookahead\":20,\"helperThreadStride\":10}]'),(12,'429.mcf_ht-two_phase-lookahead_20-stride_10-C2T2-L1I_64KB_Assoc4-l1D_64KB_Assoc4-L2_2MB_Assoc16_LRU_MTPart-1_FIXED_LATENCY',1386859916129,4,'TWO_PHASE','COMPLETED','',7,100000000,'[{\"threadId\":0,\"benchmarkTitle\":\"429.mcf_ht\",\"arguments\":\"%user.home%/Archimulator/benchmarks/CPU2006_Custom1/429.mcf/ht/data/ref/input/inp.in\",\"standardOut\":\"ctx0_out.txt\",\"helperThreadLookahead\":20,\"helperThreadStride\":10}]'),(13,'429.mcf_ht-two_phase-lookahead_0-stride_10-C2T2-L1I_64KB_Assoc4-l1D_64KB_Assoc4-L2_96KB_Assoc16_LRU_MTPart-1_FIXED_LATENCY',1386859916163,5,'TWO_PHASE','COMPLETED','',2,100000000,'[{\"threadId\":0,\"benchmarkTitle\":\"429.mcf_ht\",\"arguments\":\"%user.home%/Archimulator/benchmarks/CPU2006_Custom1/429.mcf/ht/data/ref/input/inp.in\",\"standardOut\":\"ctx0_out.txt\",\"helperThreadLookahead\":0,\"helperThreadStride\":10}]'),(14,'429.mcf_ht-two_phase-lookahead_10-stride_10-C2T2-L1I_64KB_Assoc4-l1D_64KB_Assoc4-L2_96KB_Assoc16_LRU_MTPart-1_FIXED_LATENCY',1386859916170,5,'TWO_PHASE','COMPLETED','',2,100000000,'[{\"threadId\":0,\"benchmarkTitle\":\"429.mcf_ht\",\"arguments\":\"%user.home%/Archimulator/benchmarks/CPU2006_Custom1/429.mcf/ht/data/ref/input/inp.in\",\"standardOut\":\"ctx0_out.txt\",\"helperThreadLookahead\":10,\"helperThreadStride\":10}]'),(15,'429.mcf_ht-two_phase-lookahead_40-stride_10-C2T2-L1I_64KB_Assoc4-l1D_64KB_Assoc4-L2_96KB_Assoc16_LRU_MTPart-1_FIXED_LATENCY',1386859916178,5,'TWO_PHASE','COMPLETED','',2,100000000,'[{\"threadId\":0,\"benchmarkTitle\":\"429.mcf_ht\",\"arguments\":\"%user.home%/Archimulator/benchmarks/CPU2006_Custom1/429.mcf/ht/data/ref/input/inp.in\",\"standardOut\":\"ctx0_out.txt\",\"helperThreadLookahead\":40,\"helperThreadStride\":10}]'),(16,'429.mcf_ht-two_phase-lookahead_80-stride_10-C2T2-L1I_64KB_Assoc4-l1D_64KB_Assoc4-L2_96KB_Assoc16_LRU_MTPart-1_FIXED_LATENCY',1386859916184,5,'TWO_PHASE','COMPLETED','',2,100000000,'[{\"threadId\":0,\"benchmarkTitle\":\"429.mcf_ht\",\"arguments\":\"%user.home%/Archimulator/benchmarks/CPU2006_Custom1/429.mcf/ht/data/ref/input/inp.in\",\"standardOut\":\"ctx0_out.txt\",\"helperThreadLookahead\":80,\"helperThreadStride\":10}]'),(17,'429.mcf_ht-two_phase-lookahead_160-stride_10-C2T2-L1I_64KB_Assoc4-l1D_64KB_Assoc4-L2_96KB_Assoc16_LRU_MTPart-1_FIXED_LATENCY',1386859916195,5,'TWO_PHASE','COMPLETED','',2,100000000,'[{\"threadId\":0,\"benchmarkTitle\":\"429.mcf_ht\",\"arguments\":\"%user.home%/Archimulator/benchmarks/CPU2006_Custom1/429.mcf/ht/data/ref/input/inp.in\",\"standardOut\":\"ctx0_out.txt\",\"helperThreadLookahead\":160,\"helperThreadStride\":10}]'),(18,'429.mcf_ht-two_phase-lookahead_320-stride_10-C2T2-L1I_64KB_Assoc4-l1D_64KB_Assoc4-L2_96KB_Assoc16_LRU_MTPart-1_FIXED_LATENCY',1386859916204,5,'TWO_PHASE','COMPLETED','',2,100000000,'[{\"threadId\":0,\"benchmarkTitle\":\"429.mcf_ht\",\"arguments\":\"%user.home%/Archimulator/benchmarks/CPU2006_Custom1/429.mcf/ht/data/ref/input/inp.in\",\"standardOut\":\"ctx0_out.txt\",\"helperThreadLookahead\":320,\"helperThreadStride\":10}]'),(19,'429.mcf_ht-two_phase-lookahead_20-stride_10-C2T2-L1I_64KB_Assoc4-l1D_64KB_Assoc4-L2_96KB_Assoc16_STATIC_CACHE_PARTITIONING_LRU_MTPart1_FIXED_LATENCY',1386859916241,6,'TWO_PHASE','COMPLETED','',8,100000000,'[{\"threadId\":0,\"benchmarkTitle\":\"429.mcf_ht\",\"arguments\":\"%user.home%/Archimulator/benchmarks/CPU2006_Custom1/429.mcf/ht/data/ref/input/inp.in\",\"standardOut\":\"ctx0_out.txt\",\"helperThreadLookahead\":20,\"helperThreadStride\":10}]'),(20,'429.mcf_ht-two_phase-lookahead_20-stride_10-C2T2-L1I_64KB_Assoc4-l1D_64KB_Assoc4-L2_96KB_Assoc16_STATIC_CACHE_PARTITIONING_LRU_MTPart2_FIXED_LATENCY',1386859916258,6,'TWO_PHASE','COMPLETED','',9,100000000,'[{\"threadId\":0,\"benchmarkTitle\":\"429.mcf_ht\",\"arguments\":\"%user.home%/Archimulator/benchmarks/CPU2006_Custom1/429.mcf/ht/data/ref/input/inp.in\",\"standardOut\":\"ctx0_out.txt\",\"helperThreadLookahead\":20,\"helperThreadStride\":10}]'),(21,'429.mcf_ht-two_phase-lookahead_20-stride_10-C2T2-L1I_64KB_Assoc4-l1D_64KB_Assoc4-L2_96KB_Assoc16_STATIC_CACHE_PARTITIONING_LRU_MTPart3_FIXED_LATENCY',1386859916273,6,'TWO_PHASE','COMPLETED','',10,100000000,'[{\"threadId\":0,\"benchmarkTitle\":\"429.mcf_ht\",\"arguments\":\"%user.home%/Archimulator/benchmarks/CPU2006_Custom1/429.mcf/ht/data/ref/input/inp.in\",\"standardOut\":\"ctx0_out.txt\",\"helperThreadLookahead\":20,\"helperThreadStride\":10}]'),(22,'429.mcf_ht-two_phase-lookahead_20-stride_10-C2T2-L1I_64KB_Assoc4-l1D_64KB_Assoc4-L2_96KB_Assoc16_STATIC_CACHE_PARTITIONING_LRU_MTPart4_FIXED_LATENCY',1386859916294,6,'TWO_PHASE','COMPLETED','',11,100000000,'[{\"threadId\":0,\"benchmarkTitle\":\"429.mcf_ht\",\"arguments\":\"%user.home%/Archimulator/benchmarks/CPU2006_Custom1/429.mcf/ht/data/ref/input/inp.in\",\"standardOut\":\"ctx0_out.txt\",\"helperThreadLookahead\":20,\"helperThreadStride\":10}]'),(23,'429.mcf_ht-two_phase-lookahead_20-stride_10-C2T2-L1I_64KB_Assoc4-l1D_64KB_Assoc4-L2_96KB_Assoc16_STATIC_CACHE_PARTITIONING_LRU_MTPart5_FIXED_LATENCY',1386859916313,6,'TWO_PHASE','COMPLETED','',12,100000000,'[{\"threadId\":0,\"benchmarkTitle\":\"429.mcf_ht\",\"arguments\":\"%user.home%/Archimulator/benchmarks/CPU2006_Custom1/429.mcf/ht/data/ref/input/inp.in\",\"standardOut\":\"ctx0_out.txt\",\"helperThreadLookahead\":20,\"helperThreadStride\":10}]'),(24,'429.mcf_ht-two_phase-lookahead_20-stride_10-C2T2-L1I_64KB_Assoc4-l1D_64KB_Assoc4-L2_96KB_Assoc16_STATIC_CACHE_PARTITIONING_LRU_MTPart6_FIXED_LATENCY',1386859916329,6,'TWO_PHASE','COMPLETED','',13,100000000,'[{\"threadId\":0,\"benchmarkTitle\":\"429.mcf_ht\",\"arguments\":\"%user.home%/Archimulator/benchmarks/CPU2006_Custom1/429.mcf/ht/data/ref/input/inp.in\",\"standardOut\":\"ctx0_out.txt\",\"helperThreadLookahead\":20,\"helperThreadStride\":10}]'),(25,'429.mcf_ht-two_phase-lookahead_20-stride_10-C2T2-L1I_64KB_Assoc4-l1D_64KB_Assoc4-L2_96KB_Assoc16_STATIC_CACHE_PARTITIONING_LRU_MTPart7_FIXED_LATENCY',1386859916349,6,'TWO_PHASE','COMPLETED','',14,100000000,'[{\"threadId\":0,\"benchmarkTitle\":\"429.mcf_ht\",\"arguments\":\"%user.home%/Archimulator/benchmarks/CPU2006_Custom1/429.mcf/ht/data/ref/input/inp.in\",\"standardOut\":\"ctx0_out.txt\",\"helperThreadLookahead\":20,\"helperThreadStride\":10}]'),(26,'429.mcf_ht-two_phase-lookahead_20-stride_10-C2T2-L1I_64KB_Assoc4-l1D_64KB_Assoc4-L2_96KB_Assoc16_STATIC_CACHE_PARTITIONING_LRU_MTPart8_FIXED_LATENCY',1386859916366,6,'TWO_PHASE','COMPLETED','',15,100000000,'[{\"threadId\":0,\"benchmarkTitle\":\"429.mcf_ht\",\"arguments\":\"%user.home%/Archimulator/benchmarks/CPU2006_Custom1/429.mcf/ht/data/ref/input/inp.in\",\"standardOut\":\"ctx0_out.txt\",\"helperThreadLookahead\":20,\"helperThreadStride\":10}]'),(27,'429.mcf_ht-two_phase-lookahead_20-stride_10-C2T2-L1I_64KB_Assoc4-l1D_64KB_Assoc4-L2_96KB_Assoc16_STATIC_CACHE_PARTITIONING_LRU_MTPart9_FIXED_LATENCY',1386859916385,6,'TWO_PHASE','COMPLETED','',16,100000000,'[{\"threadId\":0,\"benchmarkTitle\":\"429.mcf_ht\",\"arguments\":\"%user.home%/Archimulator/benchmarks/CPU2006_Custom1/429.mcf/ht/data/ref/input/inp.in\",\"standardOut\":\"ctx0_out.txt\",\"helperThreadLookahead\":20,\"helperThreadStride\":10}]'),(28,'429.mcf_ht-two_phase-lookahead_20-stride_10-C2T2-L1I_64KB_Assoc4-l1D_64KB_Assoc4-L2_96KB_Assoc16_STATIC_CACHE_PARTITIONING_LRU_MTPart10_FIXED_LATENCY',1386859916404,6,'TWO_PHASE','COMPLETED','',17,100000000,'[{\"threadId\":0,\"benchmarkTitle\":\"429.mcf_ht\",\"arguments\":\"%user.home%/Archimulator/benchmarks/CPU2006_Custom1/429.mcf/ht/data/ref/input/inp.in\",\"standardOut\":\"ctx0_out.txt\",\"helperThreadLookahead\":20,\"helperThreadStride\":10}]'),(29,'429.mcf_ht-two_phase-lookahead_20-stride_10-C2T2-L1I_64KB_Assoc4-l1D_64KB_Assoc4-L2_96KB_Assoc16_STATIC_CACHE_PARTITIONING_LRU_MTPart11_FIXED_LATENCY',1386859916418,6,'TWO_PHASE','COMPLETED','',18,100000000,'[{\"threadId\":0,\"benchmarkTitle\":\"429.mcf_ht\",\"arguments\":\"%user.home%/Archimulator/benchmarks/CPU2006_Custom1/429.mcf/ht/data/ref/input/inp.in\",\"standardOut\":\"ctx0_out.txt\",\"helperThreadLookahead\":20,\"helperThreadStride\":10}]'),(30,'429.mcf_ht-two_phase-lookahead_20-stride_10-C2T2-L1I_64KB_Assoc4-l1D_64KB_Assoc4-L2_96KB_Assoc16_STATIC_CACHE_PARTITIONING_LRU_MTPart12_FIXED_LATENCY',1386859916434,6,'TWO_PHASE','COMPLETED','',19,100000000,'[{\"threadId\":0,\"benchmarkTitle\":\"429.mcf_ht\",\"arguments\":\"%user.home%/Archimulator/benchmarks/CPU2006_Custom1/429.mcf/ht/data/ref/input/inp.in\",\"standardOut\":\"ctx0_out.txt\",\"helperThreadLookahead\":20,\"helperThreadStride\":10}]'),(31,'429.mcf_ht-two_phase-lookahead_20-stride_10-C2T2-L1I_64KB_Assoc4-l1D_64KB_Assoc4-L2_96KB_Assoc16_STATIC_CACHE_PARTITIONING_LRU_MTPart13_FIXED_LATENCY',1386859916453,6,'TWO_PHASE','COMPLETED','',20,100000000,'[{\"threadId\":0,\"benchmarkTitle\":\"429.mcf_ht\",\"arguments\":\"%user.home%/Archimulator/benchmarks/CPU2006_Custom1/429.mcf/ht/data/ref/input/inp.in\",\"standardOut\":\"ctx0_out.txt\",\"helperThreadLookahead\":20,\"helperThreadStride\":10}]'),(32,'429.mcf_ht-two_phase-lookahead_20-stride_10-C2T2-L1I_64KB_Assoc4-l1D_64KB_Assoc4-L2_96KB_Assoc16_STATIC_CACHE_PARTITIONING_LRU_MTPart14_FIXED_LATENCY',1386859916470,6,'TWO_PHASE','COMPLETED','',21,100000000,'[{\"threadId\":0,\"benchmarkTitle\":\"429.mcf_ht\",\"arguments\":\"%user.home%/Archimulator/benchmarks/CPU2006_Custom1/429.mcf/ht/data/ref/input/inp.in\",\"standardOut\":\"ctx0_out.txt\",\"helperThreadLookahead\":20,\"helperThreadStride\":10}]'),(33,'429.mcf_ht-two_phase-lookahead_20-stride_10-C2T2-L1I_64KB_Assoc4-l1D_64KB_Assoc4-L2_96KB_Assoc16_STATIC_CACHE_PARTITIONING_LRU_MTPart15_FIXED_LATENCY',1386859916490,6,'TWO_PHASE','COMPLETED','',22,100000000,'[{\"threadId\":0,\"benchmarkTitle\":\"429.mcf_ht\",\"arguments\":\"%user.home%/Archimulator/benchmarks/CPU2006_Custom1/429.mcf/ht/data/ref/input/inp.in\",\"standardOut\":\"ctx0_out.txt\",\"helperThreadLookahead\":20,\"helperThreadStride\":10}]'),(34,'429.mcf_ht-two_phase-lookahead_20-stride_10-C2T2-L1I_64KB_Assoc4-l1D_64KB_Assoc4-L2_96KB_Assoc16_CPI_BASED_CACHE_PARTITIONING_LRU_MTPart-1_FIXED_LATENCY',1386859916529,7,'TWO_PHASE','COMPLETED','',23,100000000,'[{\"threadId\":0,\"benchmarkTitle\":\"429.mcf_ht\",\"arguments\":\"%user.home%/Archimulator/benchmarks/CPU2006_Custom1/429.mcf/ht/data/ref/input/inp.in\",\"standardOut\":\"ctx0_out.txt\",\"helperThreadLookahead\":20,\"helperThreadStride\":10}]'),(35,'429.mcf_ht-two_phase-lookahead_20-stride_10-C2T2-L1I_64KB_Assoc4-l1D_64KB_Assoc4-L2_96KB_Assoc16_MIN_MISS_CACHE_PARTITIONING_LRU_MTPart-1_FIXED_LATENCY',1386859916550,7,'TWO_PHASE','COMPLETED','',24,100000000,'[{\"threadId\":0,\"benchmarkTitle\":\"429.mcf_ht\",\"arguments\":\"%user.home%/Archimulator/benchmarks/CPU2006_Custom1/429.mcf/ht/data/ref/input/inp.in\",\"standardOut\":\"ctx0_out.txt\",\"helperThreadLookahead\":20,\"helperThreadStride\":10}]'),(36,'429.mcf_ht-two_phase-lookahead_20-stride_10-C2T2-L1I_64KB_Assoc4-l1D_64KB_Assoc4-L2_96KB_Assoc16_MLP_AWARE_CACHE_PARTITIONING_LRU_MTPart-1_FIXED_LATENCY',1386859916561,7,'TWO_PHASE','COMPLETED','',25,100000000,'[{\"threadId\":0,\"benchmarkTitle\":\"429.mcf_ht\",\"arguments\":\"%user.home%/Archimulator/benchmarks/CPU2006_Custom1/429.mcf/ht/data/ref/input/inp.in\",\"standardOut\":\"ctx0_out.txt\",\"helperThreadLookahead\":20,\"helperThreadStride\":10}]'),(37,'429.mcf_ht-two_phase-lookahead_20-stride_10-C2T2-L1I_64KB_Assoc4-l1D_64KB_Assoc4-L2_96KB_Assoc16_PREFETCH_AWARE_RHM_LRU_MTPart-1_FIXED_LATENCY',1386859916597,8,'TWO_PHASE','COMPLETED','',26,100000000,'[{\"threadId\":0,\"benchmarkTitle\":\"429.mcf_ht\",\"arguments\":\"%user.home%/Archimulator/benchmarks/CPU2006_Custom1/429.mcf/ht/data/ref/input/inp.in\",\"standardOut\":\"ctx0_out.txt\",\"helperThreadLookahead\":20,\"helperThreadStride\":10}]'),(38,'429.mcf_ht-two_phase-lookahead_20-stride_10-C2T2-L1I_64KB_Assoc4-l1D_64KB_Assoc4-L2_96KB_Assoc16_REUSE_DISTANCE_PREDICTION_MTPart-1_FIXED_LATENCY',1386859916619,8,'TWO_PHASE','COMPLETED','',27,100000000,'[{\"threadId\":0,\"benchmarkTitle\":\"429.mcf_ht\",\"arguments\":\"%user.home%/Archimulator/benchmarks/CPU2006_Custom1/429.mcf/ht/data/ref/input/inp.in\",\"standardOut\":\"ctx0_out.txt\",\"helperThreadLookahead\":20,\"helperThreadStride\":10}]'),(39,'429.mcf_ht-two_phase-lookahead_20-stride_10-C2T2-L1I_64KB_Assoc4-l1D_64KB_Assoc4-L2_96KB_Assoc16_HT_PREF_ACC_BASED_PREF_AND_RDP_SET_DUELING_MTPart-1_FIXED_LATENCY',1386859916632,8,'TWO_PHASE','COMPLETED','',28,100000000,'[{\"threadId\":0,\"benchmarkTitle\":\"429.mcf_ht\",\"arguments\":\"%user.home%/Archimulator/benchmarks/CPU2006_Custom1/429.mcf/ht/data/ref/input/inp.in\",\"standardOut\":\"ctx0_out.txt\",\"helperThreadLookahead\":20,\"helperThreadStride\":10}]'),(40,'429.mcf_ht-two_phase-lookahead_20-stride_10-C2T2-L1I_64KB_Assoc4-l1D_64KB_Assoc4-L2_96KB_Assoc16_HT_USEFUL_PREF_BASED_PREF_AND_RDP_SET_DUELING_MTPart-1_FIXED_LATENCY',1386859916648,8,'TWO_PHASE','COMPLETED','',29,100000000,'[{\"threadId\":0,\"benchmarkTitle\":\"429.mcf_ht\",\"arguments\":\"%user.home%/Archimulator/benchmarks/CPU2006_Custom1/429.mcf/ht/data/ref/input/inp.in\",\"standardOut\":\"ctx0_out.txt\",\"helperThreadLookahead\":20,\"helperThreadStride\":10}]'),(41,'em3d_baseline-two_phase-C2T2-L1I_64KB_Assoc4-l1D_64KB_Assoc4-L2_96KB_Assoc16_LRU_MTPart-1_FIXED_LATENCY',1386859916673,9,'TWO_PHASE','COMPLETED','',2,100000000,'[{\"threadId\":0,\"benchmarkTitle\":\"em3d_baseline\",\"arguments\":\"40000 128 75 1\",\"standardOut\":\"ctx0_out.txt\",\"helperThreadLookahead\":-1,\"helperThreadStride\":-1}]'),(42,'em3d_baseline-two_phase-C2T2-L1I_64KB_Assoc4-l1D_64KB_Assoc4-L2_128KB_Assoc16_LRU_MTPart-1_FIXED_LATENCY',1386859916699,10,'TWO_PHASE','COMPLETED','',3,100000000,'[{\"threadId\":0,\"benchmarkTitle\":\"em3d_baseline\",\"arguments\":\"40000 128 75 1\",\"standardOut\":\"ctx0_out.txt\",\"helperThreadLookahead\":-1,\"helperThreadStride\":-1}]'),(43,'em3d_baseline-two_phase-C2T2-L1I_64KB_Assoc4-l1D_64KB_Assoc4-L2_256KB_Assoc16_LRU_MTPart-1_FIXED_LATENCY',1386859916708,10,'TWO_PHASE','COMPLETED','',4,100000000,'[{\"threadId\":0,\"benchmarkTitle\":\"em3d_baseline\",\"arguments\":\"40000 128 75 1\",\"standardOut\":\"ctx0_out.txt\",\"helperThreadLookahead\":-1,\"helperThreadStride\":-1}]'),(44,'em3d_baseline-two_phase-C2T2-L1I_64KB_Assoc4-l1D_64KB_Assoc4-L2_512KB_Assoc16_LRU_MTPart-1_FIXED_LATENCY',1386859916716,10,'TWO_PHASE','COMPLETED','',5,100000000,'[{\"threadId\":0,\"benchmarkTitle\":\"em3d_baseline\",\"arguments\":\"40000 128 75 1\",\"standardOut\":\"ctx0_out.txt\",\"helperThreadLookahead\":-1,\"helperThreadStride\":-1}]'),(45,'em3d_baseline-two_phase-C2T2-L1I_64KB_Assoc4-l1D_64KB_Assoc4-L2_1MB_Assoc16_LRU_MTPart-1_FIXED_LATENCY',1386859916724,10,'TWO_PHASE','COMPLETED','',6,100000000,'[{\"threadId\":0,\"benchmarkTitle\":\"em3d_baseline\",\"arguments\":\"40000 128 75 1\",\"standardOut\":\"ctx0_out.txt\",\"helperThreadLookahead\":-1,\"helperThreadStride\":-1}]'),(46,'em3d_baseline-two_phase-C2T2-L1I_64KB_Assoc4-l1D_64KB_Assoc4-L2_2MB_Assoc16_LRU_MTPart-1_FIXED_LATENCY',1386859916733,10,'TWO_PHASE','COMPLETED','',7,100000000,'[{\"threadId\":0,\"benchmarkTitle\":\"em3d_baseline\",\"arguments\":\"40000 128 75 1\",\"standardOut\":\"ctx0_out.txt\",\"helperThreadLookahead\":-1,\"helperThreadStride\":-1}]'),(47,'em3d_ht-two_phase-lookahead_0-stride_10-C2T2-L1I_64KB_Assoc4-l1D_64KB_Assoc4-L2_96KB_Assoc16_LRU_MTPart-1_FIXED_LATENCY',1386859916761,11,'TWO_PHASE','COMPLETED','',2,100000000,'[{\"threadId\":0,\"benchmarkTitle\":\"em3d_ht\",\"arguments\":\"40000 128 75 1\",\"standardOut\":\"ctx0_out.txt\",\"helperThreadLookahead\":0,\"helperThreadStride\":10}]'),(48,'em3d_ht-two_phase-lookahead_0-stride_10-C2T2-L1I_64KB_Assoc4-l1D_64KB_Assoc4-L2_128KB_Assoc16_LRU_MTPart-1_FIXED_LATENCY',1386859916789,12,'TWO_PHASE','COMPLETED','',3,100000000,'[{\"threadId\":0,\"benchmarkTitle\":\"em3d_ht\",\"arguments\":\"40000 128 75 1\",\"standardOut\":\"ctx0_out.txt\",\"helperThreadLookahead\":0,\"helperThreadStride\":10}]'),(49,'em3d_ht-two_phase-lookahead_0-stride_10-C2T2-L1I_64KB_Assoc4-l1D_64KB_Assoc4-L2_256KB_Assoc16_LRU_MTPart-1_FIXED_LATENCY',1386859916796,12,'TWO_PHASE','COMPLETED','',4,100000000,'[{\"threadId\":0,\"benchmarkTitle\":\"em3d_ht\",\"arguments\":\"40000 128 75 1\",\"standardOut\":\"ctx0_out.txt\",\"helperThreadLookahead\":0,\"helperThreadStride\":10}]'),(50,'em3d_ht-two_phase-lookahead_0-stride_10-C2T2-L1I_64KB_Assoc4-l1D_64KB_Assoc4-L2_512KB_Assoc16_LRU_MTPart-1_FIXED_LATENCY',1386859916803,12,'TWO_PHASE','COMPLETED','',5,100000000,'[{\"threadId\":0,\"benchmarkTitle\":\"em3d_ht\",\"arguments\":\"40000 128 75 1\",\"standardOut\":\"ctx0_out.txt\",\"helperThreadLookahead\":0,\"helperThreadStride\":10}]'),(51,'em3d_ht-two_phase-lookahead_0-stride_10-C2T2-L1I_64KB_Assoc4-l1D_64KB_Assoc4-L2_1MB_Assoc16_LRU_MTPart-1_FIXED_LATENCY',1386859916809,12,'TWO_PHASE','COMPLETED','',6,100000000,'[{\"threadId\":0,\"benchmarkTitle\":\"em3d_ht\",\"arguments\":\"40000 128 75 1\",\"standardOut\":\"ctx0_out.txt\",\"helperThreadLookahead\":0,\"helperThreadStride\":10}]'),(52,'em3d_ht-two_phase-lookahead_0-stride_10-C2T2-L1I_64KB_Assoc4-l1D_64KB_Assoc4-L2_2MB_Assoc16_LRU_MTPart-1_FIXED_LATENCY',1386859916816,12,'TWO_PHASE','COMPLETED','',7,100000000,'[{\"threadId\":0,\"benchmarkTitle\":\"em3d_ht\",\"arguments\":\"40000 128 75 1\",\"standardOut\":\"ctx0_out.txt\",\"helperThreadLookahead\":0,\"helperThreadStride\":10}]'),(53,'em3d_ht-two_phase-lookahead_10-stride_10-C2T2-L1I_64KB_Assoc4-l1D_64KB_Assoc4-L2_96KB_Assoc16_LRU_MTPart-1_FIXED_LATENCY',1386859916844,13,'TWO_PHASE','COMPLETED','',2,100000000,'[{\"threadId\":0,\"benchmarkTitle\":\"em3d_ht\",\"arguments\":\"40000 128 75 1\",\"standardOut\":\"ctx0_out.txt\",\"helperThreadLookahead\":10,\"helperThreadStride\":10}]'),(54,'em3d_ht-two_phase-lookahead_20-stride_10-C2T2-L1I_64KB_Assoc4-l1D_64KB_Assoc4-L2_96KB_Assoc16_LRU_MTPart-1_FIXED_LATENCY',1386859916851,13,'TWO_PHASE','COMPLETED','',2,100000000,'[{\"threadId\":0,\"benchmarkTitle\":\"em3d_ht\",\"arguments\":\"40000 128 75 1\",\"standardOut\":\"ctx0_out.txt\",\"helperThreadLookahead\":20,\"helperThreadStride\":10}]'),(55,'em3d_ht-two_phase-lookahead_40-stride_10-C2T2-L1I_64KB_Assoc4-l1D_64KB_Assoc4-L2_96KB_Assoc16_LRU_MTPart-1_FIXED_LATENCY',1386859916858,13,'TWO_PHASE','COMPLETED','',2,100000000,'[{\"threadId\":0,\"benchmarkTitle\":\"em3d_ht\",\"arguments\":\"40000 128 75 1\",\"standardOut\":\"ctx0_out.txt\",\"helperThreadLookahead\":40,\"helperThreadStride\":10}]'),(56,'em3d_ht-two_phase-lookahead_80-stride_10-C2T2-L1I_64KB_Assoc4-l1D_64KB_Assoc4-L2_96KB_Assoc16_LRU_MTPart-1_FIXED_LATENCY',1386859916870,13,'TWO_PHASE','COMPLETED','',2,100000000,'[{\"threadId\":0,\"benchmarkTitle\":\"em3d_ht\",\"arguments\":\"40000 128 75 1\",\"standardOut\":\"ctx0_out.txt\",\"helperThreadLookahead\":80,\"helperThreadStride\":10}]'),(57,'em3d_ht-two_phase-lookahead_160-stride_10-C2T2-L1I_64KB_Assoc4-l1D_64KB_Assoc4-L2_96KB_Assoc16_LRU_MTPart-1_FIXED_LATENCY',1386859916878,13,'TWO_PHASE','COMPLETED','',2,100000000,'[{\"threadId\":0,\"benchmarkTitle\":\"em3d_ht\",\"arguments\":\"40000 128 75 1\",\"standardOut\":\"ctx0_out.txt\",\"helperThreadLookahead\":160,\"helperThreadStride\":10}]'),(58,'em3d_ht-two_phase-lookahead_320-stride_10-C2T2-L1I_64KB_Assoc4-l1D_64KB_Assoc4-L2_96KB_Assoc16_LRU_MTPart-1_FIXED_LATENCY',1386859916887,13,'TWO_PHASE','COMPLETED','',2,100000000,'[{\"threadId\":0,\"benchmarkTitle\":\"em3d_ht\",\"arguments\":\"40000 128 75 1\",\"standardOut\":\"ctx0_out.txt\",\"helperThreadLookahead\":320,\"helperThreadStride\":10}]'),(59,'em3d_ht-two_phase-lookahead_0-stride_10-C2T2-L1I_64KB_Assoc4-l1D_64KB_Assoc4-L2_96KB_Assoc16_STATIC_CACHE_PARTITIONING_LRU_MTPart1_FIXED_LATENCY',1386859916912,14,'TWO_PHASE','COMPLETED','',8,100000000,'[{\"threadId\":0,\"benchmarkTitle\":\"em3d_ht\",\"arguments\":\"40000 128 75 1\",\"standardOut\":\"ctx0_out.txt\",\"helperThreadLookahead\":0,\"helperThreadStride\":10}]'),(60,'em3d_ht-two_phase-lookahead_0-stride_10-C2T2-L1I_64KB_Assoc4-l1D_64KB_Assoc4-L2_96KB_Assoc16_STATIC_CACHE_PARTITIONING_LRU_MTPart2_FIXED_LATENCY',1386859916924,14,'TWO_PHASE','COMPLETED','',9,100000000,'[{\"threadId\":0,\"benchmarkTitle\":\"em3d_ht\",\"arguments\":\"40000 128 75 1\",\"standardOut\":\"ctx0_out.txt\",\"helperThreadLookahead\":0,\"helperThreadStride\":10}]'),(61,'em3d_ht-two_phase-lookahead_0-stride_10-C2T2-L1I_64KB_Assoc4-l1D_64KB_Assoc4-L2_96KB_Assoc16_STATIC_CACHE_PARTITIONING_LRU_MTPart3_FIXED_LATENCY',1386859916934,14,'TWO_PHASE','COMPLETED','',10,100000000,'[{\"threadId\":0,\"benchmarkTitle\":\"em3d_ht\",\"arguments\":\"40000 128 75 1\",\"standardOut\":\"ctx0_out.txt\",\"helperThreadLookahead\":0,\"helperThreadStride\":10}]'),(62,'em3d_ht-two_phase-lookahead_0-stride_10-C2T2-L1I_64KB_Assoc4-l1D_64KB_Assoc4-L2_96KB_Assoc16_STATIC_CACHE_PARTITIONING_LRU_MTPart4_FIXED_LATENCY',1386859916941,14,'TWO_PHASE','COMPLETED','',11,100000000,'[{\"threadId\":0,\"benchmarkTitle\":\"em3d_ht\",\"arguments\":\"40000 128 75 1\",\"standardOut\":\"ctx0_out.txt\",\"helperThreadLookahead\":0,\"helperThreadStride\":10}]'),(63,'em3d_ht-two_phase-lookahead_0-stride_10-C2T2-L1I_64KB_Assoc4-l1D_64KB_Assoc4-L2_96KB_Assoc16_STATIC_CACHE_PARTITIONING_LRU_MTPart5_FIXED_LATENCY',1386859916946,14,'TWO_PHASE','COMPLETED','',12,100000000,'[{\"threadId\":0,\"benchmarkTitle\":\"em3d_ht\",\"arguments\":\"40000 128 75 1\",\"standardOut\":\"ctx0_out.txt\",\"helperThreadLookahead\":0,\"helperThreadStride\":10}]'),(64,'em3d_ht-two_phase-lookahead_0-stride_10-C2T2-L1I_64KB_Assoc4-l1D_64KB_Assoc4-L2_96KB_Assoc16_STATIC_CACHE_PARTITIONING_LRU_MTPart6_FIXED_LATENCY',1386859916953,14,'TWO_PHASE','COMPLETED','',13,100000000,'[{\"threadId\":0,\"benchmarkTitle\":\"em3d_ht\",\"arguments\":\"40000 128 75 1\",\"standardOut\":\"ctx0_out.txt\",\"helperThreadLookahead\":0,\"helperThreadStride\":10}]'),(65,'em3d_ht-two_phase-lookahead_0-stride_10-C2T2-L1I_64KB_Assoc4-l1D_64KB_Assoc4-L2_96KB_Assoc16_STATIC_CACHE_PARTITIONING_LRU_MTPart7_FIXED_LATENCY',1386859916963,14,'TWO_PHASE','COMPLETED','',14,100000000,'[{\"threadId\":0,\"benchmarkTitle\":\"em3d_ht\",\"arguments\":\"40000 128 75 1\",\"standardOut\":\"ctx0_out.txt\",\"helperThreadLookahead\":0,\"helperThreadStride\":10}]'),(66,'em3d_ht-two_phase-lookahead_0-stride_10-C2T2-L1I_64KB_Assoc4-l1D_64KB_Assoc4-L2_96KB_Assoc16_STATIC_CACHE_PARTITIONING_LRU_MTPart8_FIXED_LATENCY',1386859916978,14,'TWO_PHASE','COMPLETED','',15,100000000,'[{\"threadId\":0,\"benchmarkTitle\":\"em3d_ht\",\"arguments\":\"40000 128 75 1\",\"standardOut\":\"ctx0_out.txt\",\"helperThreadLookahead\":0,\"helperThreadStride\":10}]'),(67,'em3d_ht-two_phase-lookahead_0-stride_10-C2T2-L1I_64KB_Assoc4-l1D_64KB_Assoc4-L2_96KB_Assoc16_STATIC_CACHE_PARTITIONING_LRU_MTPart9_FIXED_LATENCY',1386859916986,14,'TWO_PHASE','COMPLETED','',16,100000000,'[{\"threadId\":0,\"benchmarkTitle\":\"em3d_ht\",\"arguments\":\"40000 128 75 1\",\"standardOut\":\"ctx0_out.txt\",\"helperThreadLookahead\":0,\"helperThreadStride\":10}]'),(68,'em3d_ht-two_phase-lookahead_0-stride_10-C2T2-L1I_64KB_Assoc4-l1D_64KB_Assoc4-L2_96KB_Assoc16_STATIC_CACHE_PARTITIONING_LRU_MTPart10_FIXED_LATENCY',1386859916996,14,'TWO_PHASE','COMPLETED','',17,100000000,'[{\"threadId\":0,\"benchmarkTitle\":\"em3d_ht\",\"arguments\":\"40000 128 75 1\",\"standardOut\":\"ctx0_out.txt\",\"helperThreadLookahead\":0,\"helperThreadStride\":10}]'),(69,'em3d_ht-two_phase-lookahead_0-stride_10-C2T2-L1I_64KB_Assoc4-l1D_64KB_Assoc4-L2_96KB_Assoc16_STATIC_CACHE_PARTITIONING_LRU_MTPart11_FIXED_LATENCY',1386859917003,14,'TWO_PHASE','COMPLETED','',18,100000000,'[{\"threadId\":0,\"benchmarkTitle\":\"em3d_ht\",\"arguments\":\"40000 128 75 1\",\"standardOut\":\"ctx0_out.txt\",\"helperThreadLookahead\":0,\"helperThreadStride\":10}]'),(70,'em3d_ht-two_phase-lookahead_0-stride_10-C2T2-L1I_64KB_Assoc4-l1D_64KB_Assoc4-L2_96KB_Assoc16_STATIC_CACHE_PARTITIONING_LRU_MTPart12_FIXED_LATENCY',1386859917013,14,'TWO_PHASE','COMPLETED','',19,100000000,'[{\"threadId\":0,\"benchmarkTitle\":\"em3d_ht\",\"arguments\":\"40000 128 75 1\",\"standardOut\":\"ctx0_out.txt\",\"helperThreadLookahead\":0,\"helperThreadStride\":10}]'),(71,'em3d_ht-two_phase-lookahead_0-stride_10-C2T2-L1I_64KB_Assoc4-l1D_64KB_Assoc4-L2_96KB_Assoc16_STATIC_CACHE_PARTITIONING_LRU_MTPart13_FIXED_LATENCY',1386859917025,14,'TWO_PHASE','COMPLETED','',20,100000000,'[{\"threadId\":0,\"benchmarkTitle\":\"em3d_ht\",\"arguments\":\"40000 128 75 1\",\"standardOut\":\"ctx0_out.txt\",\"helperThreadLookahead\":0,\"helperThreadStride\":10}]'),(72,'em3d_ht-two_phase-lookahead_0-stride_10-C2T2-L1I_64KB_Assoc4-l1D_64KB_Assoc4-L2_96KB_Assoc16_STATIC_CACHE_PARTITIONING_LRU_MTPart14_FIXED_LATENCY',1386859917035,14,'TWO_PHASE','COMPLETED','',21,100000000,'[{\"threadId\":0,\"benchmarkTitle\":\"em3d_ht\",\"arguments\":\"40000 128 75 1\",\"standardOut\":\"ctx0_out.txt\",\"helperThreadLookahead\":0,\"helperThreadStride\":10}]'),(73,'em3d_ht-two_phase-lookahead_0-stride_10-C2T2-L1I_64KB_Assoc4-l1D_64KB_Assoc4-L2_96KB_Assoc16_STATIC_CACHE_PARTITIONING_LRU_MTPart15_FIXED_LATENCY',1386859917041,14,'TWO_PHASE','COMPLETED','',22,100000000,'[{\"threadId\":0,\"benchmarkTitle\":\"em3d_ht\",\"arguments\":\"40000 128 75 1\",\"standardOut\":\"ctx0_out.txt\",\"helperThreadLookahead\":0,\"helperThreadStride\":10}]'),(74,'em3d_ht-two_phase-lookahead_0-stride_10-C2T2-L1I_64KB_Assoc4-l1D_64KB_Assoc4-L2_96KB_Assoc16_CPI_BASED_CACHE_PARTITIONING_LRU_MTPart-1_FIXED_LATENCY',1386859917077,15,'TWO_PHASE','COMPLETED','',23,100000000,'[{\"threadId\":0,\"benchmarkTitle\":\"em3d_ht\",\"arguments\":\"40000 128 75 1\",\"standardOut\":\"ctx0_out.txt\",\"helperThreadLookahead\":0,\"helperThreadStride\":10}]'),(75,'em3d_ht-two_phase-lookahead_0-stride_10-C2T2-L1I_64KB_Assoc4-l1D_64KB_Assoc4-L2_96KB_Assoc16_MIN_MISS_CACHE_PARTITIONING_LRU_MTPart-1_FIXED_LATENCY',1386859917088,15,'TWO_PHASE','COMPLETED','',24,100000000,'[{\"threadId\":0,\"benchmarkTitle\":\"em3d_ht\",\"arguments\":\"40000 128 75 1\",\"standardOut\":\"ctx0_out.txt\",\"helperThreadLookahead\":0,\"helperThreadStride\":10}]'),(76,'em3d_ht-two_phase-lookahead_0-stride_10-C2T2-L1I_64KB_Assoc4-l1D_64KB_Assoc4-L2_96KB_Assoc16_MLP_AWARE_CACHE_PARTITIONING_LRU_MTPart-1_FIXED_LATENCY',1386859917096,15,'TWO_PHASE','COMPLETED','',25,100000000,'[{\"threadId\":0,\"benchmarkTitle\":\"em3d_ht\",\"arguments\":\"40000 128 75 1\",\"standardOut\":\"ctx0_out.txt\",\"helperThreadLookahead\":0,\"helperThreadStride\":10}]'),(77,'em3d_ht-two_phase-lookahead_0-stride_10-C2T2-L1I_64KB_Assoc4-l1D_64KB_Assoc4-L2_96KB_Assoc16_PREFETCH_AWARE_RHM_LRU_MTPart-1_FIXED_LATENCY',1386859917127,16,'TWO_PHASE','COMPLETED','',26,100000000,'[{\"threadId\":0,\"benchmarkTitle\":\"em3d_ht\",\"arguments\":\"40000 128 75 1\",\"standardOut\":\"ctx0_out.txt\",\"helperThreadLookahead\":0,\"helperThreadStride\":10}]'),(78,'em3d_ht-two_phase-lookahead_0-stride_10-C2T2-L1I_64KB_Assoc4-l1D_64KB_Assoc4-L2_96KB_Assoc16_REUSE_DISTANCE_PREDICTION_MTPart-1_FIXED_LATENCY',1386859917136,16,'TWO_PHASE','COMPLETED','',27,100000000,'[{\"threadId\":0,\"benchmarkTitle\":\"em3d_ht\",\"arguments\":\"40000 128 75 1\",\"standardOut\":\"ctx0_out.txt\",\"helperThreadLookahead\":0,\"helperThreadStride\":10}]'),(79,'em3d_ht-two_phase-lookahead_0-stride_10-C2T2-L1I_64KB_Assoc4-l1D_64KB_Assoc4-L2_96KB_Assoc16_HT_PREF_ACC_BASED_PREF_AND_RDP_SET_DUELING_MTPart-1_FIXED_LATENCY',1386859917143,16,'TWO_PHASE','COMPLETED','',28,100000000,'[{\"threadId\":0,\"benchmarkTitle\":\"em3d_ht\",\"arguments\":\"40000 128 75 1\",\"standardOut\":\"ctx0_out.txt\",\"helperThreadLookahead\":0,\"helperThreadStride\":10}]'),(80,'em3d_ht-two_phase-lookahead_0-stride_10-C2T2-L1I_64KB_Assoc4-l1D_64KB_Assoc4-L2_96KB_Assoc16_HT_USEFUL_PREF_BASED_PREF_AND_RDP_SET_DUELING_MTPart-1_FIXED_LATENCY',1386859917151,16,'TWO_PHASE','COMPLETED','',29,100000000,'[{\"threadId\":0,\"benchmarkTitle\":\"em3d_ht\",\"arguments\":\"40000 128 75 1\",\"standardOut\":\"ctx0_out.txt\",\"helperThreadLookahead\":0,\"helperThreadStride\":10}]'),(81,'mst_baseline-two_phase-C2T2-L1I_64KB_Assoc4-l1D_64KB_Assoc4-L2_96KB_Assoc16_LRU_MTPart-1_FIXED_LATENCY',1386859917185,17,'TWO_PHASE','COMPLETED','',2,100000000,'[{\"threadId\":0,\"benchmarkTitle\":\"mst_baseline\",\"arguments\":\"4000\",\"standardOut\":\"ctx0_out.txt\",\"helperThreadLookahead\":-1,\"helperThreadStride\":-1}]'),(82,'mst_baseline-two_phase-C2T2-L1I_64KB_Assoc4-l1D_64KB_Assoc4-L2_128KB_Assoc16_LRU_MTPart-1_FIXED_LATENCY',1386859917209,18,'TWO_PHASE','COMPLETED','',3,100000000,'[{\"threadId\":0,\"benchmarkTitle\":\"mst_baseline\",\"arguments\":\"4000\",\"standardOut\":\"ctx0_out.txt\",\"helperThreadLookahead\":-1,\"helperThreadStride\":-1}]'),(83,'mst_baseline-two_phase-C2T2-L1I_64KB_Assoc4-l1D_64KB_Assoc4-L2_256KB_Assoc16_LRU_MTPart-1_FIXED_LATENCY',1386859917217,18,'TWO_PHASE','COMPLETED','',4,100000000,'[{\"threadId\":0,\"benchmarkTitle\":\"mst_baseline\",\"arguments\":\"4000\",\"standardOut\":\"ctx0_out.txt\",\"helperThreadLookahead\":-1,\"helperThreadStride\":-1}]'),(84,'mst_baseline-two_phase-C2T2-L1I_64KB_Assoc4-l1D_64KB_Assoc4-L2_512KB_Assoc16_LRU_MTPart-1_FIXED_LATENCY',1386859917224,18,'TWO_PHASE','COMPLETED','',5,100000000,'[{\"threadId\":0,\"benchmarkTitle\":\"mst_baseline\",\"arguments\":\"4000\",\"standardOut\":\"ctx0_out.txt\",\"helperThreadLookahead\":-1,\"helperThreadStride\":-1}]'),(85,'mst_baseline-two_phase-C2T2-L1I_64KB_Assoc4-l1D_64KB_Assoc4-L2_1MB_Assoc16_LRU_MTPart-1_FIXED_LATENCY',1386859917234,18,'TWO_PHASE','COMPLETED','',6,100000000,'[{\"threadId\":0,\"benchmarkTitle\":\"mst_baseline\",\"arguments\":\"4000\",\"standardOut\":\"ctx0_out.txt\",\"helperThreadLookahead\":-1,\"helperThreadStride\":-1}]'),(86,'mst_baseline-two_phase-C2T2-L1I_64KB_Assoc4-l1D_64KB_Assoc4-L2_2MB_Assoc16_LRU_MTPart-1_FIXED_LATENCY',1386859917241,18,'TWO_PHASE','COMPLETED','',7,100000000,'[{\"threadId\":0,\"benchmarkTitle\":\"mst_baseline\",\"arguments\":\"4000\",\"standardOut\":\"ctx0_out.txt\",\"helperThreadLookahead\":-1,\"helperThreadStride\":-1}]'),(87,'mst_ht-two_phase-lookahead_20-stride_10-C2T2-L1I_64KB_Assoc4-l1D_64KB_Assoc4-L2_96KB_Assoc16_LRU_MTPart-1_FIXED_LATENCY',1386859917266,19,'TWO_PHASE','COMPLETED','',2,100000000,'[{\"threadId\":0,\"benchmarkTitle\":\"mst_ht\",\"arguments\":\"4000\",\"standardOut\":\"ctx0_out.txt\",\"helperThreadLookahead\":20,\"helperThreadStride\":10}]'),(88,'mst_ht-two_phase-lookahead_20-stride_10-C2T2-L1I_64KB_Assoc4-l1D_64KB_Assoc4-L2_128KB_Assoc16_LRU_MTPart-1_FIXED_LATENCY',1386859917289,20,'TWO_PHASE','COMPLETED','',3,100000000,'[{\"threadId\":0,\"benchmarkTitle\":\"mst_ht\",\"arguments\":\"4000\",\"standardOut\":\"ctx0_out.txt\",\"helperThreadLookahead\":20,\"helperThreadStride\":10}]'),(89,'mst_ht-two_phase-lookahead_20-stride_10-C2T2-L1I_64KB_Assoc4-l1D_64KB_Assoc4-L2_256KB_Assoc16_LRU_MTPart-1_FIXED_LATENCY',1386859917298,20,'TWO_PHASE','COMPLETED','',4,100000000,'[{\"threadId\":0,\"benchmarkTitle\":\"mst_ht\",\"arguments\":\"4000\",\"standardOut\":\"ctx0_out.txt\",\"helperThreadLookahead\":20,\"helperThreadStride\":10}]'),(90,'mst_ht-two_phase-lookahead_20-stride_10-C2T2-L1I_64KB_Assoc4-l1D_64KB_Assoc4-L2_512KB_Assoc16_LRU_MTPart-1_FIXED_LATENCY',1386859917307,20,'TWO_PHASE','COMPLETED','',5,100000000,'[{\"threadId\":0,\"benchmarkTitle\":\"mst_ht\",\"arguments\":\"4000\",\"standardOut\":\"ctx0_out.txt\",\"helperThreadLookahead\":20,\"helperThreadStride\":10}]'),(91,'mst_ht-two_phase-lookahead_20-stride_10-C2T2-L1I_64KB_Assoc4-l1D_64KB_Assoc4-L2_1MB_Assoc16_LRU_MTPart-1_FIXED_LATENCY',1386859917316,20,'TWO_PHASE','COMPLETED','',6,100000000,'[{\"threadId\":0,\"benchmarkTitle\":\"mst_ht\",\"arguments\":\"4000\",\"standardOut\":\"ctx0_out.txt\",\"helperThreadLookahead\":20,\"helperThreadStride\":10}]'),(92,'mst_ht-two_phase-lookahead_20-stride_10-C2T2-L1I_64KB_Assoc4-l1D_64KB_Assoc4-L2_2MB_Assoc16_LRU_MTPart-1_FIXED_LATENCY',1386859917324,20,'TWO_PHASE','COMPLETED','',7,100000000,'[{\"threadId\":0,\"benchmarkTitle\":\"mst_ht\",\"arguments\":\"4000\",\"standardOut\":\"ctx0_out.txt\",\"helperThreadLookahead\":20,\"helperThreadStride\":10}]'),(93,'mst_ht-two_phase-lookahead_0-stride_10-C2T2-L1I_64KB_Assoc4-l1D_64KB_Assoc4-L2_96KB_Assoc16_LRU_MTPart-1_FIXED_LATENCY',1386859917347,21,'TWO_PHASE','COMPLETED','',2,100000000,'[{\"threadId\":0,\"benchmarkTitle\":\"mst_ht\",\"arguments\":\"4000\",\"standardOut\":\"ctx0_out.txt\",\"helperThreadLookahead\":0,\"helperThreadStride\":10}]'),(94,'mst_ht-two_phase-lookahead_10-stride_10-C2T2-L1I_64KB_Assoc4-l1D_64KB_Assoc4-L2_96KB_Assoc16_LRU_MTPart-1_FIXED_LATENCY',1386859917355,21,'TWO_PHASE','COMPLETED','',2,100000000,'[{\"threadId\":0,\"benchmarkTitle\":\"mst_ht\",\"arguments\":\"4000\",\"standardOut\":\"ctx0_out.txt\",\"helperThreadLookahead\":10,\"helperThreadStride\":10}]'),(95,'mst_ht-two_phase-lookahead_40-stride_10-C2T2-L1I_64KB_Assoc4-l1D_64KB_Assoc4-L2_96KB_Assoc16_LRU_MTPart-1_FIXED_LATENCY',1386859917367,21,'TWO_PHASE','COMPLETED','',2,100000000,'[{\"threadId\":0,\"benchmarkTitle\":\"mst_ht\",\"arguments\":\"4000\",\"standardOut\":\"ctx0_out.txt\",\"helperThreadLookahead\":40,\"helperThreadStride\":10}]'),(96,'mst_ht-two_phase-lookahead_80-stride_10-C2T2-L1I_64KB_Assoc4-l1D_64KB_Assoc4-L2_96KB_Assoc16_LRU_MTPart-1_FIXED_LATENCY',1386859917371,21,'TWO_PHASE','COMPLETED','',2,100000000,'[{\"threadId\":0,\"benchmarkTitle\":\"mst_ht\",\"arguments\":\"4000\",\"standardOut\":\"ctx0_out.txt\",\"helperThreadLookahead\":80,\"helperThreadStride\":10}]'),(97,'mst_ht-two_phase-lookahead_160-stride_10-C2T2-L1I_64KB_Assoc4-l1D_64KB_Assoc4-L2_96KB_Assoc16_LRU_MTPart-1_FIXED_LATENCY',1386859917377,21,'TWO_PHASE','COMPLETED','',2,100000000,'[{\"threadId\":0,\"benchmarkTitle\":\"mst_ht\",\"arguments\":\"4000\",\"standardOut\":\"ctx0_out.txt\",\"helperThreadLookahead\":160,\"helperThreadStride\":10}]'),(98,'mst_ht-two_phase-lookahead_320-stride_10-C2T2-L1I_64KB_Assoc4-l1D_64KB_Assoc4-L2_96KB_Assoc16_LRU_MTPart-1_FIXED_LATENCY',1386859917384,21,'TWO_PHASE','COMPLETED','',2,100000000,'[{\"threadId\":0,\"benchmarkTitle\":\"mst_ht\",\"arguments\":\"4000\",\"standardOut\":\"ctx0_out.txt\",\"helperThreadLookahead\":320,\"helperThreadStride\":10}]'),(99,'mst_ht-two_phase-lookahead_20-stride_10-C2T2-L1I_64KB_Assoc4-l1D_64KB_Assoc4-L2_96KB_Assoc16_STATIC_CACHE_PARTITIONING_LRU_MTPart1_FIXED_LATENCY',1386859917409,22,'TWO_PHASE','COMPLETED','',8,100000000,'[{\"threadId\":0,\"benchmarkTitle\":\"mst_ht\",\"arguments\":\"4000\",\"standardOut\":\"ctx0_out.txt\",\"helperThreadLookahead\":20,\"helperThreadStride\":10}]'),(100,'mst_ht-two_phase-lookahead_20-stride_10-C2T2-L1I_64KB_Assoc4-l1D_64KB_Assoc4-L2_96KB_Assoc16_STATIC_CACHE_PARTITIONING_LRU_MTPart2_FIXED_LATENCY',1386859917415,22,'TWO_PHASE','COMPLETED','',9,100000000,'[{\"threadId\":0,\"benchmarkTitle\":\"mst_ht\",\"arguments\":\"4000\",\"standardOut\":\"ctx0_out.txt\",\"helperThreadLookahead\":20,\"helperThreadStride\":10}]'),(101,'mst_ht-two_phase-lookahead_20-stride_10-C2T2-L1I_64KB_Assoc4-l1D_64KB_Assoc4-L2_96KB_Assoc16_STATIC_CACHE_PARTITIONING_LRU_MTPart3_FIXED_LATENCY',1386859917423,22,'TWO_PHASE','COMPLETED','',10,100000000,'[{\"threadId\":0,\"benchmarkTitle\":\"mst_ht\",\"arguments\":\"4000\",\"standardOut\":\"ctx0_out.txt\",\"helperThreadLookahead\":20,\"helperThreadStride\":10}]'),(102,'mst_ht-two_phase-lookahead_20-stride_10-C2T2-L1I_64KB_Assoc4-l1D_64KB_Assoc4-L2_96KB_Assoc16_STATIC_CACHE_PARTITIONING_LRU_MTPart4_FIXED_LATENCY',1386859917431,22,'TWO_PHASE','COMPLETED','',11,100000000,'[{\"threadId\":0,\"benchmarkTitle\":\"mst_ht\",\"arguments\":\"4000\",\"standardOut\":\"ctx0_out.txt\",\"helperThreadLookahead\":20,\"helperThreadStride\":10}]'),(103,'mst_ht-two_phase-lookahead_20-stride_10-C2T2-L1I_64KB_Assoc4-l1D_64KB_Assoc4-L2_96KB_Assoc16_STATIC_CACHE_PARTITIONING_LRU_MTPart5_FIXED_LATENCY',1386859917439,22,'TWO_PHASE','COMPLETED','',12,100000000,'[{\"threadId\":0,\"benchmarkTitle\":\"mst_ht\",\"arguments\":\"4000\",\"standardOut\":\"ctx0_out.txt\",\"helperThreadLookahead\":20,\"helperThreadStride\":10}]'),(104,'mst_ht-two_phase-lookahead_20-stride_10-C2T2-L1I_64KB_Assoc4-l1D_64KB_Assoc4-L2_96KB_Assoc16_STATIC_CACHE_PARTITIONING_LRU_MTPart6_FIXED_LATENCY',1386859917449,22,'TWO_PHASE','COMPLETED','',13,100000000,'[{\"threadId\":0,\"benchmarkTitle\":\"mst_ht\",\"arguments\":\"4000\",\"standardOut\":\"ctx0_out.txt\",\"helperThreadLookahead\":20,\"helperThreadStride\":10}]'),(105,'mst_ht-two_phase-lookahead_20-stride_10-C2T2-L1I_64KB_Assoc4-l1D_64KB_Assoc4-L2_96KB_Assoc16_STATIC_CACHE_PARTITIONING_LRU_MTPart7_FIXED_LATENCY',1386859917456,22,'TWO_PHASE','COMPLETED','',14,100000000,'[{\"threadId\":0,\"benchmarkTitle\":\"mst_ht\",\"arguments\":\"4000\",\"standardOut\":\"ctx0_out.txt\",\"helperThreadLookahead\":20,\"helperThreadStride\":10}]'),(106,'mst_ht-two_phase-lookahead_20-stride_10-C2T2-L1I_64KB_Assoc4-l1D_64KB_Assoc4-L2_96KB_Assoc16_STATIC_CACHE_PARTITIONING_LRU_MTPart8_FIXED_LATENCY',1386859917462,22,'TWO_PHASE','COMPLETED','',15,100000000,'[{\"threadId\":0,\"benchmarkTitle\":\"mst_ht\",\"arguments\":\"4000\",\"standardOut\":\"ctx0_out.txt\",\"helperThreadLookahead\":20,\"helperThreadStride\":10}]'),(107,'mst_ht-two_phase-lookahead_20-stride_10-C2T2-L1I_64KB_Assoc4-l1D_64KB_Assoc4-L2_96KB_Assoc16_STATIC_CACHE_PARTITIONING_LRU_MTPart9_FIXED_LATENCY',1386859917470,22,'TWO_PHASE','COMPLETED','',16,100000000,'[{\"threadId\":0,\"benchmarkTitle\":\"mst_ht\",\"arguments\":\"4000\",\"standardOut\":\"ctx0_out.txt\",\"helperThreadLookahead\":20,\"helperThreadStride\":10}]'),(108,'mst_ht-two_phase-lookahead_20-stride_10-C2T2-L1I_64KB_Assoc4-l1D_64KB_Assoc4-L2_96KB_Assoc16_STATIC_CACHE_PARTITIONING_LRU_MTPart10_FIXED_LATENCY',1386859917480,22,'TWO_PHASE','COMPLETED','',17,100000000,'[{\"threadId\":0,\"benchmarkTitle\":\"mst_ht\",\"arguments\":\"4000\",\"standardOut\":\"ctx0_out.txt\",\"helperThreadLookahead\":20,\"helperThreadStride\":10}]'),(109,'mst_ht-two_phase-lookahead_20-stride_10-C2T2-L1I_64KB_Assoc4-l1D_64KB_Assoc4-L2_96KB_Assoc16_STATIC_CACHE_PARTITIONING_LRU_MTPart11_FIXED_LATENCY',1386859917490,22,'TWO_PHASE','COMPLETED','',18,100000000,'[{\"threadId\":0,\"benchmarkTitle\":\"mst_ht\",\"arguments\":\"4000\",\"standardOut\":\"ctx0_out.txt\",\"helperThreadLookahead\":20,\"helperThreadStride\":10}]'),(110,'mst_ht-two_phase-lookahead_20-stride_10-C2T2-L1I_64KB_Assoc4-l1D_64KB_Assoc4-L2_96KB_Assoc16_STATIC_CACHE_PARTITIONING_LRU_MTPart12_FIXED_LATENCY',1386859917498,22,'TWO_PHASE','COMPLETED','',19,100000000,'[{\"threadId\":0,\"benchmarkTitle\":\"mst_ht\",\"arguments\":\"4000\",\"standardOut\":\"ctx0_out.txt\",\"helperThreadLookahead\":20,\"helperThreadStride\":10}]'),(111,'mst_ht-two_phase-lookahead_20-stride_10-C2T2-L1I_64KB_Assoc4-l1D_64KB_Assoc4-L2_96KB_Assoc16_STATIC_CACHE_PARTITIONING_LRU_MTPart13_FIXED_LATENCY',1386859917505,22,'TWO_PHASE','COMPLETED','',20,100000000,'[{\"threadId\":0,\"benchmarkTitle\":\"mst_ht\",\"arguments\":\"4000\",\"standardOut\":\"ctx0_out.txt\",\"helperThreadLookahead\":20,\"helperThreadStride\":10}]'),(112,'mst_ht-two_phase-lookahead_20-stride_10-C2T2-L1I_64KB_Assoc4-l1D_64KB_Assoc4-L2_96KB_Assoc16_STATIC_CACHE_PARTITIONING_LRU_MTPart14_FIXED_LATENCY',1386859917516,22,'TWO_PHASE','COMPLETED','',21,100000000,'[{\"threadId\":0,\"benchmarkTitle\":\"mst_ht\",\"arguments\":\"4000\",\"standardOut\":\"ctx0_out.txt\",\"helperThreadLookahead\":20,\"helperThreadStride\":10}]'),(113,'mst_ht-two_phase-lookahead_20-stride_10-C2T2-L1I_64KB_Assoc4-l1D_64KB_Assoc4-L2_96KB_Assoc16_STATIC_CACHE_PARTITIONING_LRU_MTPart15_FIXED_LATENCY',1386859917524,22,'TWO_PHASE','COMPLETED','',22,100000000,'[{\"threadId\":0,\"benchmarkTitle\":\"mst_ht\",\"arguments\":\"4000\",\"standardOut\":\"ctx0_out.txt\",\"helperThreadLookahead\":20,\"helperThreadStride\":10}]'),(114,'mst_ht-two_phase-lookahead_20-stride_10-C2T2-L1I_64KB_Assoc4-l1D_64KB_Assoc4-L2_96KB_Assoc16_CPI_BASED_CACHE_PARTITIONING_LRU_MTPart-1_FIXED_LATENCY',1386859917547,23,'TWO_PHASE','COMPLETED','',23,100000000,'[{\"threadId\":0,\"benchmarkTitle\":\"mst_ht\",\"arguments\":\"4000\",\"standardOut\":\"ctx0_out.txt\",\"helperThreadLookahead\":20,\"helperThreadStride\":10}]'),(115,'mst_ht-two_phase-lookahead_20-stride_10-C2T2-L1I_64KB_Assoc4-l1D_64KB_Assoc4-L2_96KB_Assoc16_MIN_MISS_CACHE_PARTITIONING_LRU_MTPart-1_FIXED_LATENCY',1386859917552,23,'TWO_PHASE','COMPLETED','',24,100000000,'[{\"threadId\":0,\"benchmarkTitle\":\"mst_ht\",\"arguments\":\"4000\",\"standardOut\":\"ctx0_out.txt\",\"helperThreadLookahead\":20,\"helperThreadStride\":10}]'),(116,'mst_ht-two_phase-lookahead_20-stride_10-C2T2-L1I_64KB_Assoc4-l1D_64KB_Assoc4-L2_96KB_Assoc16_MLP_AWARE_CACHE_PARTITIONING_LRU_MTPart-1_FIXED_LATENCY',1386859917560,23,'TWO_PHASE','COMPLETED','',25,100000000,'[{\"threadId\":0,\"benchmarkTitle\":\"mst_ht\",\"arguments\":\"4000\",\"standardOut\":\"ctx0_out.txt\",\"helperThreadLookahead\":20,\"helperThreadStride\":10}]'),(117,'mst_ht-two_phase-lookahead_20-stride_10-C2T2-L1I_64KB_Assoc4-l1D_64KB_Assoc4-L2_96KB_Assoc16_PREFETCH_AWARE_RHM_LRU_MTPart-1_FIXED_LATENCY',1386859917585,24,'TWO_PHASE','COMPLETED','',26,100000000,'[{\"threadId\":0,\"benchmarkTitle\":\"mst_ht\",\"arguments\":\"4000\",\"standardOut\":\"ctx0_out.txt\",\"helperThreadLookahead\":20,\"helperThreadStride\":10}]'),(118,'mst_ht-two_phase-lookahead_20-stride_10-C2T2-L1I_64KB_Assoc4-l1D_64KB_Assoc4-L2_96KB_Assoc16_REUSE_DISTANCE_PREDICTION_MTPart-1_FIXED_LATENCY',1386859917591,24,'TWO_PHASE','COMPLETED','',27,100000000,'[{\"threadId\":0,\"benchmarkTitle\":\"mst_ht\",\"arguments\":\"4000\",\"standardOut\":\"ctx0_out.txt\",\"helperThreadLookahead\":20,\"helperThreadStride\":10}]'),(119,'mst_ht-two_phase-lookahead_20-stride_10-C2T2-L1I_64KB_Assoc4-l1D_64KB_Assoc4-L2_96KB_Assoc16_HT_PREF_ACC_BASED_PREF_AND_RDP_SET_DUELING_MTPart-1_FIXED_LATENCY',1386859917605,24,'TWO_PHASE','COMPLETED','',28,100000000,'[{\"threadId\":0,\"benchmarkTitle\":\"mst_ht\",\"arguments\":\"4000\",\"standardOut\":\"ctx0_out.txt\",\"helperThreadLookahead\":20,\"helperThreadStride\":10}]'),(120,'mst_ht-two_phase-lookahead_20-stride_10-C2T2-L1I_64KB_Assoc4-l1D_64KB_Assoc4-L2_96KB_Assoc16_HT_USEFUL_PREF_BASED_PREF_AND_RDP_SET_DUELING_MTPart-1_FIXED_LATENCY',1386859917614,24,'TWO_PHASE','COMPLETED','',29,100000000,'[{\"threadId\":0,\"benchmarkTitle\":\"mst_ht\",\"arguments\":\"4000\",\"standardOut\":\"ctx0_out.txt\",\"helperThreadLookahead\":20,\"helperThreadStride\":10}]'),(121,'429.mcf_ht-two_phase-lookahead_20-stride_10-C2T2-L1I_64KB_Assoc4-l1D_64KB_Assoc4-L2_96KB_Assoc16_LRU_MTPart-1_FIXED_LATENCY',1389484415802,25,'TWO_PHASE','COMPLETED','',2,100000000,'[{\"threadId\":0,\"benchmarkTitle\":\"429.mcf_ht\",\"arguments\":\"%user.home%/Archimulator/benchmarks/CPU2006_Custom1/429.mcf/ht/data/ref/input/inp.in\",\"standardOut\":\"ctx0_out.txt\",\"helperThreadLookahead\":20,\"helperThreadStride\":10}]'),(122,'429.mcf_ht-two_phase-lookahead_20-stride_20-C2T2-L1I_64KB_Assoc4-l1D_64KB_Assoc4-L2_96KB_Assoc16_LRU_MTPart-1_FIXED_LATENCY',1389484415818,25,'TWO_PHASE','COMPLETED','',2,100000000,'[{\"threadId\":0,\"benchmarkTitle\":\"429.mcf_ht\",\"arguments\":\"%user.home%/Archimulator/benchmarks/CPU2006_Custom1/429.mcf/ht/data/ref/input/inp.in\",\"standardOut\":\"ctx0_out.txt\",\"helperThreadLookahead\":20,\"helperThreadStride\":20}]'),(123,'429.mcf_ht-two_phase-lookahead_20-stride_40-C2T2-L1I_64KB_Assoc4-l1D_64KB_Assoc4-L2_96KB_Assoc16_LRU_MTPart-1_FIXED_LATENCY',1389484415825,25,'TWO_PHASE','COMPLETED','',2,100000000,'[{\"threadId\":0,\"benchmarkTitle\":\"429.mcf_ht\",\"arguments\":\"%user.home%/Archimulator/benchmarks/CPU2006_Custom1/429.mcf/ht/data/ref/input/inp.in\",\"standardOut\":\"ctx0_out.txt\",\"helperThreadLookahead\":20,\"helperThreadStride\":40}]'),(124,'429.mcf_ht-two_phase-lookahead_20-stride_80-C2T2-L1I_64KB_Assoc4-l1D_64KB_Assoc4-L2_96KB_Assoc16_LRU_MTPart-1_FIXED_LATENCY',1389484415834,25,'TWO_PHASE','COMPLETED','',2,100000000,'[{\"threadId\":0,\"benchmarkTitle\":\"429.mcf_ht\",\"arguments\":\"%user.home%/Archimulator/benchmarks/CPU2006_Custom1/429.mcf/ht/data/ref/input/inp.in\",\"standardOut\":\"ctx0_out.txt\",\"helperThreadLookahead\":20,\"helperThreadStride\":80}]'),(125,'429.mcf_ht-two_phase-lookahead_20-stride_160-C2T2-L1I_64KB_Assoc4-l1D_64KB_Assoc4-L2_96KB_Assoc16_LRU_MTPart-1_FIXED_LATENCY',1389484415844,25,'TWO_PHASE','COMPLETED','',2,100000000,'[{\"threadId\":0,\"benchmarkTitle\":\"429.mcf_ht\",\"arguments\":\"%user.home%/Archimulator/benchmarks/CPU2006_Custom1/429.mcf/ht/data/ref/input/inp.in\",\"standardOut\":\"ctx0_out.txt\",\"helperThreadLookahead\":20,\"helperThreadStride\":160}]'),(126,'429.mcf_ht-two_phase-lookahead_20-stride_320-C2T2-L1I_64KB_Assoc4-l1D_64KB_Assoc4-L2_96KB_Assoc16_LRU_MTPart-1_FIXED_LATENCY',1389484415852,25,'TWO_PHASE','COMPLETED','',2,100000000,'[{\"threadId\":0,\"benchmarkTitle\":\"429.mcf_ht\",\"arguments\":\"%user.home%/Archimulator/benchmarks/CPU2006_Custom1/429.mcf/ht/data/ref/input/inp.in\",\"standardOut\":\"ctx0_out.txt\",\"helperThreadLookahead\":20,\"helperThreadStride\":320}]'),(127,'em3d_ht-two_phase-lookahead_0-stride_10-C2T2-L1I_64KB_Assoc4-l1D_64KB_Assoc4-L2_96KB_Assoc16_LRU_MTPart-1_FIXED_LATENCY',1389484415907,26,'TWO_PHASE','COMPLETED','',2,100000000,'[{\"threadId\":0,\"benchmarkTitle\":\"em3d_ht\",\"arguments\":\"40000 128 75 1\",\"standardOut\":\"ctx0_out.txt\",\"helperThreadLookahead\":0,\"helperThreadStride\":10}]'),(128,'em3d_ht-two_phase-lookahead_0-stride_20-C2T2-L1I_64KB_Assoc4-l1D_64KB_Assoc4-L2_96KB_Assoc16_LRU_MTPart-1_FIXED_LATENCY',1389484415919,26,'TWO_PHASE','COMPLETED','',2,100000000,'[{\"threadId\":0,\"benchmarkTitle\":\"em3d_ht\",\"arguments\":\"40000 128 75 1\",\"standardOut\":\"ctx0_out.txt\",\"helperThreadLookahead\":0,\"helperThreadStride\":20}]'),(129,'em3d_ht-two_phase-lookahead_0-stride_40-C2T2-L1I_64KB_Assoc4-l1D_64KB_Assoc4-L2_96KB_Assoc16_LRU_MTPart-1_FIXED_LATENCY',1389484415928,26,'TWO_PHASE','COMPLETED','',2,100000000,'[{\"threadId\":0,\"benchmarkTitle\":\"em3d_ht\",\"arguments\":\"40000 128 75 1\",\"standardOut\":\"ctx0_out.txt\",\"helperThreadLookahead\":0,\"helperThreadStride\":40}]'),(130,'em3d_ht-two_phase-lookahead_0-stride_80-C2T2-L1I_64KB_Assoc4-l1D_64KB_Assoc4-L2_96KB_Assoc16_LRU_MTPart-1_FIXED_LATENCY',1389484415939,26,'TWO_PHASE','COMPLETED','',2,100000000,'[{\"threadId\":0,\"benchmarkTitle\":\"em3d_ht\",\"arguments\":\"40000 128 75 1\",\"standardOut\":\"ctx0_out.txt\",\"helperThreadLookahead\":0,\"helperThreadStride\":80}]'),(131,'em3d_ht-two_phase-lookahead_0-stride_160-C2T2-L1I_64KB_Assoc4-l1D_64KB_Assoc4-L2_96KB_Assoc16_LRU_MTPart-1_FIXED_LATENCY',1389484415947,26,'TWO_PHASE','COMPLETED','',2,100000000,'[{\"threadId\":0,\"benchmarkTitle\":\"em3d_ht\",\"arguments\":\"40000 128 75 1\",\"standardOut\":\"ctx0_out.txt\",\"helperThreadLookahead\":0,\"helperThreadStride\":160}]'),(132,'em3d_ht-two_phase-lookahead_0-stride_320-C2T2-L1I_64KB_Assoc4-l1D_64KB_Assoc4-L2_96KB_Assoc16_LRU_MTPart-1_FIXED_LATENCY',1389484415954,26,'TWO_PHASE','COMPLETED','',2,100000000,'[{\"threadId\":0,\"benchmarkTitle\":\"em3d_ht\",\"arguments\":\"40000 128 75 1\",\"standardOut\":\"ctx0_out.txt\",\"helperThreadLookahead\":0,\"helperThreadStride\":320}]'),(133,'mst_ht-two_phase-lookahead_20-stride_10-C2T2-L1I_64KB_Assoc4-l1D_64KB_Assoc4-L2_96KB_Assoc16_LRU_MTPart-1_FIXED_LATENCY',1389484416012,27,'TWO_PHASE','COMPLETED','',2,100000000,'[{\"threadId\":0,\"benchmarkTitle\":\"mst_ht\",\"arguments\":\"4000\",\"standardOut\":\"ctx0_out.txt\",\"helperThreadLookahead\":20,\"helperThreadStride\":10}]'),(134,'mst_ht-two_phase-lookahead_20-stride_20-C2T2-L1I_64KB_Assoc4-l1D_64KB_Assoc4-L2_96KB_Assoc16_LRU_MTPart-1_FIXED_LATENCY',1389484416019,27,'TWO_PHASE','COMPLETED','',2,100000000,'[{\"threadId\":0,\"benchmarkTitle\":\"mst_ht\",\"arguments\":\"4000\",\"standardOut\":\"ctx0_out.txt\",\"helperThreadLookahead\":20,\"helperThreadStride\":20}]'),(135,'mst_ht-two_phase-lookahead_20-stride_40-C2T2-L1I_64KB_Assoc4-l1D_64KB_Assoc4-L2_96KB_Assoc16_LRU_MTPart-1_FIXED_LATENCY',1389484416029,27,'TWO_PHASE','COMPLETED','',2,100000000,'[{\"threadId\":0,\"benchmarkTitle\":\"mst_ht\",\"arguments\":\"4000\",\"standardOut\":\"ctx0_out.txt\",\"helperThreadLookahead\":20,\"helperThreadStride\":40}]'),(136,'mst_ht-two_phase-lookahead_20-stride_80-C2T2-L1I_64KB_Assoc4-l1D_64KB_Assoc4-L2_96KB_Assoc16_LRU_MTPart-1_FIXED_LATENCY',1389484416039,27,'TWO_PHASE','COMPLETED','',2,100000000,'[{\"threadId\":0,\"benchmarkTitle\":\"mst_ht\",\"arguments\":\"4000\",\"standardOut\":\"ctx0_out.txt\",\"helperThreadLookahead\":20,\"helperThreadStride\":80}]'),(137,'mst_ht-two_phase-lookahead_20-stride_160-C2T2-L1I_64KB_Assoc4-l1D_64KB_Assoc4-L2_96KB_Assoc16_LRU_MTPart-1_FIXED_LATENCY',1389484416049,27,'TWO_PHASE','COMPLETED','',2,100000000,'[{\"threadId\":0,\"benchmarkTitle\":\"mst_ht\",\"arguments\":\"4000\",\"standardOut\":\"ctx0_out.txt\",\"helperThreadLookahead\":20,\"helperThreadStride\":160}]'),(138,'mst_ht-two_phase-lookahead_20-stride_320-C2T2-L1I_64KB_Assoc4-l1D_64KB_Assoc4-L2_96KB_Assoc16_LRU_MTPart-1_FIXED_LATENCY',1389484416058,27,'TWO_PHASE','COMPLETED','',2,100000000,'[{\"threadId\":0,\"benchmarkTitle\":\"mst_ht\",\"arguments\":\"4000\",\"standardOut\":\"ctx0_out.txt\",\"helperThreadLookahead\":20,\"helperThreadStride\":320}]');
/*!40000 ALTER TABLE `Experiment` ENABLE KEYS */;
UNLOCK TABLES;

--
-- Table structure for table `ExperimentPack`
--

DROP TABLE IF EXISTS `ExperimentPack`;
/*!40101 SET @saved_cs_client     = @@character_set_client */;
/*!40101 SET character_set_client = utf8 */;
CREATE TABLE `ExperimentPack` (
  `id` bigint(20) NOT NULL AUTO_INCREMENT,
  `title` varchar(255) DEFAULT NULL,
  `createTime` bigint(20) DEFAULT NULL,
  `experimentType` varchar(100) DEFAULT NULL,
  `tags` text,
  `benchmarkTitle` text,
  `numMaxInstructions` text,
  `helperThreadLookahead` text,
  `helperThreadStride` text,
  `numMainThreadWaysInStaticPartitionedLRUPolicy` text,
  `numCores` text,
  `numThreadsPerCore` text,
  `l1ISize` text,
  `l1IAssociativity` text,
  `l1DSize` text,
  `l1DAssociativity` text,
  `l2Size` text,
  `l2Associativity` text,
  `l2ReplacementPolicyType` text,
  `memoryControllerType` text,
  `dynamicSpeculativePrecomputationEnabled` text,
  PRIMARY KEY (`id`)
) ENGINE=InnoDB AUTO_INCREMENT=28 DEFAULT CHARSET=utf8;
/*!40101 SET character_set_client = @saved_cs_client */;

--
-- Dumping data for table `ExperimentPack`
--

LOCK TABLES `ExperimentPack` WRITE;
/*!40000 ALTER TABLE `ExperimentPack` DISABLE KEYS */;
INSERT INTO `ExperimentPack` VALUES (1,'429.mcf_baseline_lru',1386859915037,'TWO_PHASE','[\"dissertation\"]','[\"429.mcf_baseline\"]','[\"100000000\"]','[\"-1\"]','[\"-1\"]','[\"-1\"]','[\"2\"]','[\"2\"]','[\"64 KB\"]','[\"4\"]','[\"64 KB\"]','[\"4\"]','[\"96 KB\"]','[\"16\"]','[\"LRU\"]','[\"FIXED_LATENCY\"]','[\"false\"]'),(2,'429.mcf_baseline_lru_l2Sizes',1386859915166,'TWO_PHASE','[\"dissertation\"]','[\"429.mcf_baseline\"]','[\"100000000\"]','[\"-1\"]','[\"-1\"]','[\"-1\"]','[\"2\"]','[\"2\"]','[\"64 KB\"]','[\"4\"]','[\"64 KB\"]','[\"4\"]','[\"128 KB\",\"256 KB\",\"512 KB\",\"1 MB\",\"2 MB\"]','[\"16\"]','[\"LRU\"]','[\"FIXED_LATENCY\"]','[\"false\"]'),(3,'429.mcf_ht_lru',1386859916031,'TWO_PHASE','[\"dissertation\"]','[\"429.mcf_ht\"]','[\"100000000\"]','[\"20\"]','[\"10\"]','[\"-1\"]','[\"2\"]','[\"2\"]','[\"64 KB\"]','[\"4\"]','[\"64 KB\"]','[\"4\"]','[\"96 KB\"]','[\"16\"]','[\"LRU\"]','[\"FIXED_LATENCY\"]','[\"false\"]'),(4,'429.mcf_ht_lru_l2Sizes',1386859916072,'TWO_PHASE','[\"dissertation\"]','[\"429.mcf_ht\"]','[\"100000000\"]','[\"20\"]','[\"10\"]','[\"-1\"]','[\"2\"]','[\"2\"]','[\"64 KB\"]','[\"4\"]','[\"64 KB\"]','[\"4\"]','[\"128 KB\",\"256 KB\",\"512 KB\",\"1 MB\",\"2 MB\"]','[\"16\"]','[\"LRU\"]','[\"FIXED_LATENCY\"]','[\"false\"]'),(5,'429.mcf_ht_lru_lookaheads',1386859916145,'TWO_PHASE','[\"dissertation\"]','[\"429.mcf_ht\"]','[\"100000000\"]','[\"0\",\"10\",\"40\",\"80\",\"160\",\"320\"]','[\"10\"]','[\"-1\"]','[\"2\"]','[\"2\"]','[\"64 KB\"]','[\"4\"]','[\"64 KB\"]','[\"4\"]','[\"96 KB\"]','[\"16\"]','[\"LRU\"]','[\"FIXED_LATENCY\"]','[\"false\"]'),(6,'429.mcf_ht_lru_static_partitioned',1386859916218,'TWO_PHASE','[\"dissertation\"]','[\"429.mcf_ht\"]','[\"100000000\"]','[\"20\"]','[\"10\"]','[\"1\",\"2\",\"3\",\"4\",\"5\",\"6\",\"7\",\"8\",\"9\",\"10\",\"11\",\"12\",\"13\",\"14\",\"15\"]','[\"2\"]','[\"2\"]','[\"64 KB\"]','[\"4\"]','[\"64 KB\"]','[\"4\"]','[\"96 KB\"]','[\"16\"]','[\"STATIC_CACHE_PARTITIONING_LRU\"]','[\"FIXED_LATENCY\"]','[\"false\"]'),(7,'429.mcf_ht_lru_dynamic_partitioned',1386859916504,'TWO_PHASE','[\"dissertation\"]','[\"429.mcf_ht\"]','[\"100000000\"]','[\"20\"]','[\"10\"]','[\"-1\"]','[\"2\"]','[\"2\"]','[\"64 KB\"]','[\"4\"]','[\"64 KB\"]','[\"4\"]','[\"96 KB\"]','[\"16\"]','[\"CPI_BASED_CACHE_PARTITIONING_LRU\",\"MIN_MISS_CACHE_PARTITIONING_LRU\",\"MLP_AWARE_CACHE_PARTITIONING_LRU\"]','[\"FIXED_LATENCY\"]','[\"false\"]'),(8,'429.mcf_ht_l2ReplacementPolicies',1386859916578,'TWO_PHASE','[\"dissertation\"]','[\"429.mcf_ht\"]','[\"100000000\"]','[\"20\"]','[\"10\"]','[\"-1\"]','[\"2\"]','[\"2\"]','[\"64 KB\"]','[\"4\"]','[\"64 KB\"]','[\"4\"]','[\"96 KB\"]','[\"16\"]','[\"PREFETCH_AWARE_RHM_LRU\",\"REUSE_DISTANCE_PREDICTION\",\"HT_PREF_ACC_BASED_PREF_AND_RDP_SET_DUELING\",\"HT_USEFUL_PREF_BASED_PREF_AND_RDP_SET_DUELING\"]','[\"FIXED_LATENCY\"]','[\"false\"]'),(9,'em3d_baseline_lru',1386859916661,'TWO_PHASE','[\"dissertation\"]','[\"em3d_baseline\"]','[\"100000000\"]','[\"-1\"]','[\"-1\"]','[\"-1\"]','[\"2\"]','[\"2\"]','[\"64 KB\"]','[\"4\"]','[\"64 KB\"]','[\"4\"]','[\"96 KB\"]','[\"16\"]','[\"LRU\"]','[\"FIXED_LATENCY\"]','[\"false\"]'),(10,'em3d_baseline_lru_l2Sizes',1386859916687,'TWO_PHASE','[\"dissertation\"]','[\"em3d_baseline\"]','[\"100000000\"]','[\"-1\"]','[\"-1\"]','[\"-1\"]','[\"2\"]','[\"2\"]','[\"64 KB\"]','[\"4\"]','[\"64 KB\"]','[\"4\"]','[\"128 KB\",\"256 KB\",\"512 KB\",\"1 MB\",\"2 MB\"]','[\"16\"]','[\"LRU\"]','[\"FIXED_LATENCY\"]','[\"false\"]'),(11,'em3d_ht_lru',1386859916751,'TWO_PHASE','[\"dissertation\"]','[\"em3d_ht\"]','[\"100000000\"]','[\"0\"]','[\"10\"]','[\"-1\"]','[\"2\"]','[\"2\"]','[\"64 KB\"]','[\"4\"]','[\"64 KB\"]','[\"4\"]','[\"96 KB\"]','[\"16\"]','[\"LRU\"]','[\"FIXED_LATENCY\"]','[\"false\"]'),(12,'em3d_ht_lru_l2Sizes',1386859916774,'TWO_PHASE','[\"dissertation\"]','[\"em3d_ht\"]','[\"100000000\"]','[\"0\"]','[\"10\"]','[\"-1\"]','[\"2\"]','[\"2\"]','[\"64 KB\"]','[\"4\"]','[\"64 KB\"]','[\"4\"]','[\"128 KB\",\"256 KB\",\"512 KB\",\"1 MB\",\"2 MB\"]','[\"16\"]','[\"LRU\"]','[\"FIXED_LATENCY\"]','[\"false\"]'),(13,'em3d_ht_lru_lookaheads',1386859916833,'TWO_PHASE','[\"dissertation\"]','[\"em3d_ht\"]','[\"100000000\"]','[\"10\",\"20\",\"40\",\"80\",\"160\",\"320\"]','[\"10\"]','[\"-1\"]','[\"2\"]','[\"2\"]','[\"64 KB\"]','[\"4\"]','[\"64 KB\"]','[\"4\"]','[\"96 KB\"]','[\"16\"]','[\"LRU\"]','[\"FIXED_LATENCY\"]','[\"false\"]'),(14,'em3d_ht_lru_static_partitioned',1386859916900,'TWO_PHASE','[\"dissertation\"]','[\"em3d_ht\"]','[\"100000000\"]','[\"0\"]','[\"10\"]','[\"1\",\"2\",\"3\",\"4\",\"5\",\"6\",\"7\",\"8\",\"9\",\"10\",\"11\",\"12\",\"13\",\"14\",\"15\"]','[\"2\"]','[\"2\"]','[\"64 KB\"]','[\"4\"]','[\"64 KB\"]','[\"4\"]','[\"96 KB\"]','[\"16\"]','[\"STATIC_CACHE_PARTITIONING_LRU\"]','[\"FIXED_LATENCY\"]','[\"false\"]'),(15,'em3d_ht_lru_dynamic_partitioned',1386859917060,'TWO_PHASE','[\"dissertation\"]','[\"em3d_ht\"]','[\"100000000\"]','[\"0\"]','[\"10\"]','[\"-1\"]','[\"2\"]','[\"2\"]','[\"64 KB\"]','[\"4\"]','[\"64 KB\"]','[\"4\"]','[\"96 KB\"]','[\"16\"]','[\"CPI_BASED_CACHE_PARTITIONING_LRU\",\"MIN_MISS_CACHE_PARTITIONING_LRU\",\"MLP_AWARE_CACHE_PARTITIONING_LRU\"]','[\"FIXED_LATENCY\"]','[\"false\"]'),(16,'em3d_ht_l2ReplacementPolicies',1386859917110,'TWO_PHASE','[\"dissertation\"]','[\"em3d_ht\"]','[\"100000000\"]','[\"0\"]','[\"10\"]','[\"-1\"]','[\"2\"]','[\"2\"]','[\"64 KB\"]','[\"4\"]','[\"64 KB\"]','[\"4\"]','[\"96 KB\"]','[\"16\"]','[\"PREFETCH_AWARE_RHM_LRU\",\"REUSE_DISTANCE_PREDICTION\",\"HT_PREF_ACC_BASED_PREF_AND_RDP_SET_DUELING\",\"HT_USEFUL_PREF_BASED_PREF_AND_RDP_SET_DUELING\"]','[\"FIXED_LATENCY\"]','[\"false\"]'),(17,'mst_baseline_lru',1386859917164,'TWO_PHASE','[\"dissertation\"]','[\"mst_baseline\"]','[\"100000000\"]','[\"-1\"]','[\"-1\"]','[\"-1\"]','[\"2\"]','[\"2\"]','[\"64 KB\"]','[\"4\"]','[\"64 KB\"]','[\"4\"]','[\"96 KB\"]','[\"16\"]','[\"LRU\"]','[\"FIXED_LATENCY\"]','[\"false\"]'),(18,'mst_baseline_lru_l2Sizes',1386859917198,'TWO_PHASE','[\"dissertation\"]','[\"mst_baseline\"]','[\"100000000\"]','[\"-1\"]','[\"-1\"]','[\"-1\"]','[\"2\"]','[\"2\"]','[\"64 KB\"]','[\"4\"]','[\"64 KB\"]','[\"4\"]','[\"128 KB\",\"256 KB\",\"512 KB\",\"1 MB\",\"2 MB\"]','[\"16\"]','[\"LRU\"]','[\"FIXED_LATENCY\"]','[\"false\"]'),(19,'mst_ht_lru',1386859917256,'TWO_PHASE','[\"dissertation\"]','[\"mst_ht\"]','[\"100000000\"]','[\"20\"]','[\"10\"]','[\"-1\"]','[\"2\"]','[\"2\"]','[\"64 KB\"]','[\"4\"]','[\"64 KB\"]','[\"4\"]','[\"96 KB\"]','[\"16\"]','[\"LRU\"]','[\"FIXED_LATENCY\"]','[\"false\"]'),(20,'mst_ht_lru_l2Sizes',1386859917281,'TWO_PHASE','[\"dissertation\"]','[\"mst_ht\"]','[\"100000000\"]','[\"20\"]','[\"10\"]','[\"-1\"]','[\"2\"]','[\"2\"]','[\"64 KB\"]','[\"4\"]','[\"64 KB\"]','[\"4\"]','[\"128 KB\",\"256 KB\",\"512 KB\",\"1 MB\",\"2 MB\"]','[\"16\"]','[\"LRU\"]','[\"FIXED_LATENCY\"]','[\"false\"]'),(21,'mst_ht_lru_lookaheads',1386859917336,'TWO_PHASE','[\"dissertation\"]','[\"mst_ht\"]','[\"100000000\"]','[\"0\",\"10\",\"40\",\"80\",\"160\",\"320\"]','[\"10\"]','[\"-1\"]','[\"2\"]','[\"2\"]','[\"64 KB\"]','[\"4\"]','[\"64 KB\"]','[\"4\"]','[\"96 KB\"]','[\"16\"]','[\"LRU\"]','[\"FIXED_LATENCY\"]','[\"false\"]'),(22,'mst_ht_lru_static_partitioned',1386859917399,'TWO_PHASE','[\"dissertation\"]','[\"mst_ht\"]','[\"100000000\"]','[\"20\"]','[\"10\"]','[\"1\",\"2\",\"3\",\"4\",\"5\",\"6\",\"7\",\"8\",\"9\",\"10\",\"11\",\"12\",\"13\",\"14\",\"15\"]','[\"2\"]','[\"2\"]','[\"64 KB\"]','[\"4\"]','[\"64 KB\"]','[\"4\"]','[\"96 KB\"]','[\"16\"]','[\"STATIC_CACHE_PARTITIONING_LRU\"]','[\"FIXED_LATENCY\"]','[\"false\"]'),(23,'mst_ht_lru_dynamic_partitioned',1386859917539,'TWO_PHASE','[\"dissertation\"]','[\"mst_ht\"]','[\"100000000\"]','[\"20\"]','[\"10\"]','[\"-1\"]','[\"2\"]','[\"2\"]','[\"64 KB\"]','[\"4\"]','[\"64 KB\"]','[\"4\"]','[\"96 KB\"]','[\"16\"]','[\"CPI_BASED_CACHE_PARTITIONING_LRU\",\"MIN_MISS_CACHE_PARTITIONING_LRU\",\"MLP_AWARE_CACHE_PARTITIONING_LRU\"]','[\"FIXED_LATENCY\"]','[\"false\"]'),(24,'mst_ht_l2ReplacementPolicies',1386859917576,'TWO_PHASE','[\"dissertation\"]','[\"mst_ht\"]','[\"100000000\"]','[\"20\"]','[\"10\"]','[\"-1\"]','[\"2\"]','[\"2\"]','[\"64 KB\"]','[\"4\"]','[\"64 KB\"]','[\"4\"]','[\"96 KB\"]','[\"16\"]','[\"PREFETCH_AWARE_RHM_LRU\",\"REUSE_DISTANCE_PREDICTION\",\"HT_PREF_ACC_BASED_PREF_AND_RDP_SET_DUELING\",\"HT_USEFUL_PREF_BASED_PREF_AND_RDP_SET_DUELING\"]','[\"FIXED_LATENCY\"]','[\"false\"]'),(25,'429.mcf_ht_lru_strides',1389484415725,'TWO_PHASE','[\"dissertation\"]','[\"429.mcf_ht\"]','[\"100000000\"]','[\"20\"]','[\"10\",\"20\",\"40\",\"80\",\"160\",\"320\"]','[\"-1\"]','[\"2\"]','[\"2\"]','[\"64 KB\"]','[\"4\"]','[\"64 KB\"]','[\"4\"]','[\"96 KB\"]','[\"16\"]','[\"LRU\"]','[\"FIXED_LATENCY\"]','[\"false\"]'),(26,'em3d_ht_lru_strides',1389484415888,'TWO_PHASE','[\"dissertation\"]','[\"em3d_ht\"]','[\"100000000\"]','[\"0\"]','[\"10\",\"20\",\"40\",\"80\",\"160\",\"320\"]','[\"-1\"]','[\"2\"]','[\"2\"]','[\"64 KB\"]','[\"4\"]','[\"64 KB\"]','[\"4\"]','[\"96 KB\"]','[\"16\"]','[\"LRU\"]','[\"FIXED_LATENCY\"]','[\"false\"]'),(27,'mst_ht_lru_strides',1389484415989,'TWO_PHASE','[\"dissertation\"]','[\"mst_ht\"]','[\"100000000\"]','[\"20\"]','[\"10\",\"20\",\"40\",\"80\",\"160\",\"320\"]','[\"-1\"]','[\"2\"]','[\"2\"]','[\"64 KB\"]','[\"4\"]','[\"64 KB\"]','[\"4\"]','[\"96 KB\"]','[\"16\"]','[\"LRU\"]','[\"FIXED_LATENCY\"]','[\"false\"]');
/*!40000 ALTER TABLE `ExperimentPack` ENABLE KEYS */;
UNLOCK TABLES;

--
-- Table structure for table `ExperimentSummary`
--

DROP TABLE IF EXISTS `ExperimentSummary`;
/*!40101 SET @saved_cs_client     = @@character_set_client */;
/*!40101 SET character_set_client = utf8 */;
CREATE TABLE `ExperimentSummary` (
  `id` bigint(20) NOT NULL AUTO_INCREMENT,
  `title` text,
  `benchmarkTitle` varchar(255) DEFAULT NULL,
  `createTime` bigint(20) DEFAULT NULL,
  `parentId` bigint(20) DEFAULT NULL,
  `type` varchar(100) DEFAULT NULL,
  `state` varchar(100) DEFAULT NULL,
  `beginTimeAsString` varchar(255) DEFAULT NULL,
  `endTimeAsString` varchar(255) DEFAULT NULL,
  `duration` varchar(255) DEFAULT NULL,
  `durationInSeconds` bigint(20) DEFAULT NULL,
  `l2Size` int(11) DEFAULT NULL,
  `l2Associativity` int(11) DEFAULT NULL,
  `l2ReplacementPolicyType` varchar(100) DEFAULT NULL,
  `helperThreadLookahead` int(11) DEFAULT NULL,
  `helperThreadStride` int(11) DEFAULT NULL,
  `numMainThreadWaysInStaticPartitionedLRUPolicy` int(11) DEFAULT NULL,
  `numInstructions` bigint(20) DEFAULT NULL,
  `c0t0NumInstructions` bigint(20) DEFAULT NULL,
  `c1t0NumInstructions` bigint(20) DEFAULT NULL,
  `numCycles` bigint(20) DEFAULT NULL,
  `ipc` double DEFAULT NULL,
  `c0t0Ipc` double DEFAULT NULL,
  `c1t0Ipc` double DEFAULT NULL,
  `cpi` double DEFAULT NULL,
  `c0t0Cpi` double DEFAULT NULL,
  `c1t0Cpi` double DEFAULT NULL,
  `l2Mpki` double DEFAULT NULL,
  `c0t0L2Mpki` double DEFAULT NULL,
  `c1t0L2Mpki` double DEFAULT NULL,
  `numMainThreadL2Hits` bigint(20) DEFAULT NULL,
  `numMainThreadL2Misses` bigint(20) DEFAULT NULL,
  `numHelperThreadL2Hits` bigint(20) DEFAULT NULL,
  `numHelperThreadL2Misses` bigint(20) DEFAULT NULL,
  `numL2Evictions` bigint(20) DEFAULT NULL,
  `l2HitRatio` double DEFAULT NULL,
  `l2OccupancyRatio` double DEFAULT NULL,
  `numLateHelperThreadL2Requests` bigint(20) DEFAULT NULL,
  `numTimelyHelperThreadL2Requests` bigint(20) DEFAULT NULL,
  `numBadHelperThreadL2Requests` bigint(20) DEFAULT NULL,
  `numEarlyHelperThreadL2Requests` bigint(20) DEFAULT NULL,
  `numUglyHelperThreadL2Requests` bigint(20) DEFAULT NULL,
  `numRedundantHitToTransientTagHelperThreadL2Requests` bigint(20) DEFAULT NULL,
  `numRedundantHitToCacheHelperThreadL2Requests` bigint(20) DEFAULT NULL,
  PRIMARY KEY (`id`)
) ENGINE=InnoDB AUTO_INCREMENT=142 DEFAULT CHARSET=utf8;
/*!40101 SET character_set_client = @saved_cs_client */;

--
-- Dumping data for table `ExperimentSummary`
--

LOCK TABLES `ExperimentSummary` WRITE;
/*!40000 ALTER TABLE `ExperimentSummary` DISABLE KEYS */;
INSERT INTO `ExperimentSummary` VALUES (7,'mst_baseline-two_phase-C2T2-L1I_64KB_Assoc4-l1D_64KB_Assoc4-L2_256KB_Assoc16_LRU_MTPart-1_FIXED_LATENCY','mst_baseline',1388388742775,83,'TWO_PHASE','COMPLETED','2013/12/15 12:53:44','2013/12/15 17:26:53','4:33:09.094',16389,262144,16,'LRU',-1,-1,-1,100000001,100000001,0,2398517837,0.041692414981194074,0.041692414981194074,0,23.985178130148217,23.985178130148217,0,88.520699114793,88.520699114793,0,13535,8852070,0,0,0,0.0015266865600260782,0.2587890625,0,0,0,0,0,0,0),(8,'mst_baseline-two_phase-C2T2-L1I_64KB_Assoc4-l1D_64KB_Assoc4-L2_128KB_Assoc16_LRU_MTPart-1_FIXED_LATENCY','mst_baseline',1388388743150,82,'TWO_PHASE','COMPLETED','2013/12/15 12:53:52','2013/12/15 17:28:16','4:34:24.005',16464,131072,16,'LRU',-1,-1,-1,100000001,100000001,0,2398517837,0.041692414981194074,0.041692414981194074,0,23.985178130148217,23.985178130148217,0,88.520699114793,88.520699114793,0,13535,8852070,0,0,0,0.0015266865600260782,0.517578125,0,0,0,0,0,0,0),(9,'mst_baseline-two_phase-C2T2-L1I_64KB_Assoc4-l1D_64KB_Assoc4-L2_512KB_Assoc16_LRU_MTPart-1_FIXED_LATENCY','mst_baseline',1388388743364,84,'TWO_PHASE','COMPLETED','2013/12/15 12:55:32','2013/12/15 17:30:15','4:34:43.133',16483,524288,16,'LRU',-1,-1,-1,100000001,100000001,0,2398517837,0.041692414981194074,0.041692414981194074,0,23.985178130148217,23.985178130148217,0,88.520699114793,88.520699114793,0,13535,8852070,0,0,0,0.0015266865600260782,0.12939453125,0,0,0,0,0,0,0),(10,'mst_baseline-two_phase-C2T2-L1I_64KB_Assoc4-l1D_64KB_Assoc4-L2_1MB_Assoc16_LRU_MTPart-1_FIXED_LATENCY','mst_baseline',1388388743575,85,'TWO_PHASE','COMPLETED','2013/12/15 16:52:31','2013/12/15 21:29:15','4:36:43.481',16603,1048576,16,'LRU',-1,-1,-1,100000001,100000001,0,2398517837,0.041692414981194074,0.041692414981194074,0,23.985178130148217,23.985178130148217,0,88.520699114793,88.520699114793,0,13535,8852070,0,0,0,0.0015266865600260782,0.064697265625,0,0,0,0,0,0,0),(11,'mst_baseline-two_phase-C2T2-L1I_64KB_Assoc4-l1D_64KB_Assoc4-L2_2MB_Assoc16_LRU_MTPart-1_FIXED_LATENCY','mst_baseline',1388388743813,86,'TWO_PHASE','COMPLETED','2013/12/15 16:59:59','2013/12/15 21:36:30','4:36:31.190',16591,2097152,16,'LRU',-1,-1,-1,100000001,100000001,0,2398517837,0.041692414981194074,0.041692414981194074,0,23.985178130148217,23.985178130148217,0,88.520699114793,88.520699114793,0,13535,8852070,0,0,0,0.0015266865600260782,0.0323486328125,0,0,0,0,0,0,0),(12,'mst_ht-two_phase-lookahead_20-stride_10-C2T2-L1I_64KB_Assoc4-l1D_64KB_Assoc4-L2_256KB_Assoc16_LRU_MTPart-1_FIXED_LATENCY','mst_ht',1388388744031,89,'TWO_PHASE','COMPLETED','2013/12/15 18:25:32','2013/12/15 23:20:23','4:54:51.633',17691,262144,16,'LRU',20,10,-1,162724606,100000002,62386523,1373175486,0.11850241113319729,0.0728239056257082,0.04543230172403471,8.438646863277702,13.731754585364909,22.010771236601855,51.745739055591876,37.17490925650182,75.38188977128922,4794002,3717491,84723,4702814,0,0.3668481836645229,0.3837890625,157465,4542700,0,0,2652,2090,82630),(13,'mst_ht-two_phase-lookahead_20-stride_10-C2T2-L1I_64KB_Assoc4-l1D_64KB_Assoc4-L2_128KB_Assoc16_LRU_MTPart-1_FIXED_LATENCY','mst_ht',1388388744647,88,'TWO_PHASE','COMPLETED','2013/12/15 17:12:40','2013/12/15 22:09:26','4:56:45.524',17805,131072,16,'LRU',20,10,-1,162843857,100000002,62505330,1374579464,0.11846812880946692,0.07274952421375619,0.04547232927379163,8.441088840090542,13.745794365084112,21.99139599774931,51.71975876253042,37.14940925701182,75.3104415255467,4798345,3714941,85415,4707304,2324,0.3670342826415592,0.736328125,168168,4535978,168,34,2959,2348,83064),(14,'mst_ht-two_phase-lookahead_20-stride_10-C2T2-L1I_64KB_Assoc4-l1D_64KB_Assoc4-L2_512KB_Assoc16_LRU_MTPart-1_FIXED_LATENCY','mst_ht',1388388744964,90,'TWO_PHASE','COMPLETED','2013/12/15 18:26:09','2013/12/15 23:20:36','4:54:26.771',17666,524288,16,'LRU',20,10,-1,162724606,100000002,62386523,1373175486,0.11850241113319729,0.0728239056257082,0.04543230172403471,8.438646863277702,13.731754585364909,22.010771236601855,51.745739055591876,37.17490925650182,75.38188977128922,4794002,3717491,84723,4702814,0,0.3668481836645229,0.19189453125,157465,4542700,0,0,2652,2090,82630),(15,'mst_ht-two_phase-lookahead_20-stride_10-C2T2-L1I_64KB_Assoc4-l1D_64KB_Assoc4-L2_1MB_Assoc16_LRU_MTPart-1_FIXED_LATENCY','mst_ht',1388388745234,91,'TWO_PHASE','COMPLETED','2013/12/15 18:27:08','2013/12/15 23:21:19','4:54:11.101',17651,1048576,16,'LRU',20,10,-1,162724606,100000002,62386523,1373175486,0.11850241113319729,0.0728239056257082,0.04543230172403471,8.438646863277702,13.731754585364909,22.010771236601855,51.745739055591876,37.17490925650182,75.38188977128922,4794002,3717491,84723,4702814,0,0.3668481836645229,0.095947265625,157465,4542700,0,0,2652,2090,82630),(16,'mst_ht-two_phase-lookahead_20-stride_10-C2T2-L1I_64KB_Assoc4-l1D_64KB_Assoc4-L2_2MB_Assoc16_LRU_MTPart-1_FIXED_LATENCY','mst_ht',1388388745384,92,'TWO_PHASE','COMPLETED','2013/12/15 18:27:51','2013/12/15 23:23:25','4:55:33.660',17733,2097152,16,'LRU',20,10,-1,162724606,100000002,62386523,1373175486,0.11850241113319729,0.0728239056257082,0.04543230172403471,8.438646863277702,13.731754585364909,22.010771236601855,51.745739055591876,37.17490925650182,75.38188977128922,4794002,3717491,84723,4702814,0,0.3668481836645229,0.0479736328125,157465,4542700,0,0,2652,2090,82630),(17,'em3d_baseline-two_phase-C2T2-L1I_64KB_Assoc4-l1D_64KB_Assoc4-L2_256KB_Assoc16_LRU_MTPart-1_FIXED_LATENCY','em3d_baseline',1388388893991,43,'TWO_PHASE','COMPLETED','2013/12/14 16:05:47','2013/12/14 17:24:41','1:18:53.314',4733,262144,16,'LRU',-1,-1,-1,100000002,100000002,0,479047147,0.20874772478292206,0.20874772478292206,0,4.790471374190573,4.790471374190573,0,24.157539516849212,24.157539516849212,0,340659,2415754,0,0,0,0.12358779326610345,0.254150390625,0,0,0,0,0,0,0),(18,'em3d_baseline-two_phase-C2T2-L1I_64KB_Assoc4-l1D_64KB_Assoc4-L2_128KB_Assoc16_LRU_MTPart-1_FIXED_LATENCY','em3d_baseline',1388388894290,42,'TWO_PHASE','COMPLETED','2013/12/14 16:03:04','2013/12/14 17:22:11','1:19:07.303',4747,131072,16,'LRU',-1,-1,-1,100000002,100000002,0,479047147,0.20874772478292206,0.20874772478292206,0,4.790471374190573,4.790471374190573,0,24.157539516849212,24.157539516849212,0,340659,2415754,0,0,0,0.12358779326610345,0.50830078125,0,0,0,0,0,0,0),(19,'em3d_baseline-two_phase-C2T2-L1I_64KB_Assoc4-l1D_64KB_Assoc4-L2_512KB_Assoc16_LRU_MTPart-1_FIXED_LATENCY','em3d_baseline',1388388894673,44,'TWO_PHASE','COMPLETED','2013/12/14 16:08:29','2013/12/14 17:27:32','1:19:03.518',4743,524288,16,'LRU',-1,-1,-1,100000002,100000002,0,479047147,0.20874772478292206,0.20874772478292206,0,4.790471374190573,4.790471374190573,0,24.157539516849212,24.157539516849212,0,340659,2415754,0,0,0,0.12358779326610345,0.1270751953125,0,0,0,0,0,0,0),(20,'em3d_baseline-two_phase-C2T2-L1I_64KB_Assoc4-l1D_64KB_Assoc4-L2_1MB_Assoc16_LRU_MTPart-1_FIXED_LATENCY','em3d_baseline',1388388894855,45,'TWO_PHASE','COMPLETED','2013/12/14 16:14:01','2013/12/14 17:33:08','1:19:07.413',4747,1048576,16,'LRU',-1,-1,-1,100000002,100000002,0,479047147,0.20874772478292206,0.20874772478292206,0,4.790471374190573,4.790471374190573,0,24.157539516849212,24.157539516849212,0,340659,2415754,0,0,0,0.12358779326610345,0.06353759765625,0,0,0,0,0,0,0),(21,'em3d_baseline-two_phase-C2T2-L1I_64KB_Assoc4-l1D_64KB_Assoc4-L2_2MB_Assoc16_LRU_MTPart-1_FIXED_LATENCY','em3d_baseline',1388388895073,46,'TWO_PHASE','COMPLETED','2013/12/14 17:46:15','2013/12/14 19:05:34','1:19:18.770',4758,2097152,16,'LRU',-1,-1,-1,100000002,100000002,0,479047147,0.20874772478292206,0.20874772478292206,0,4.790471374190573,4.790471374190573,0,24.157539516849212,24.157539516849212,0,340659,2415754,0,0,0,0.12358779326610345,0.031768798828125,0,0,0,0,0,0,0),(22,'em3d_ht-two_phase-lookahead_0-stride_10-C2T2-L1I_64KB_Assoc4-l1D_64KB_Assoc4-L2_256KB_Assoc16_LRU_MTPart-1_FIXED_LATENCY','em3d_ht',1388388895369,49,'TWO_PHASE','COMPLETED','2013/12/14 19:57:56','2013/12/14 21:37:17','1:39:21.464',5961,262144,16,'LRU',0,10,-1,122231388,100000001,22143870,355331074,0.34399296021039805,0.2814276834116681,0.062318979735501545,2.9070362352426202,3.553310704466893,16.04647579668775,22.10582767823924,15.776249842237501,50.77707735820342,1174458,1577625,23003,1124401,0,0.30708167510239165,0.43310546875,84,810023,0,0,314812,25,22460),(23,'em3d_ht-two_phase-lookahead_0-stride_10-C2T2-L1I_64KB_Assoc4-l1D_64KB_Assoc4-L2_128KB_Assoc16_LRU_MTPart-1_FIXED_LATENCY','em3d_ht',1388388895567,48,'TWO_PHASE','COMPLETED','2013/12/14 17:50:56','2013/12/14 19:30:08','1:39:12.653',5952,131072,16,'LRU',0,10,-1,122259332,100000001,22171962,356526370,0.3429180624142893,0.2804841644672735,0.06218884173981296,2.9161485194438983,3.565263664347363,16.080055071355435,22.303115479152137,15.966349840336502,50.97108681676435,1171869,1596635,23184,1130129,47971,0.3047192156084794,0.845703125,92,802552,7091,2956,317970,22,22630),(24,'em3d_ht-two_phase-lookahead_0-stride_10-C2T2-L1I_64KB_Assoc4-l1D_64KB_Assoc4-L2_512KB_Assoc16_LRU_MTPart-1_FIXED_LATENCY','em3d_ht',1388388895741,50,'TWO_PHASE','COMPLETED','2013/12/14 19:59:27','2013/12/14 21:39:23','1:39:56.327',5996,524288,16,'LRU',0,10,-1,122231388,100000001,22143870,355331074,0.34399296021039805,0.2814276834116681,0.062318979735501545,2.9070362352426202,3.553310704466893,16.04647579668775,22.10582767823924,15.776249842237501,50.77707735820342,1174458,1577625,23003,1124401,0,0.30708167510239165,0.216552734375,84,810023,0,0,314812,25,22460),(25,'em3d_ht-two_phase-lookahead_0-stride_10-C2T2-L1I_64KB_Assoc4-l1D_64KB_Assoc4-L2_1MB_Assoc16_LRU_MTPart-1_FIXED_LATENCY','em3d_ht',1388388895896,51,'TWO_PHASE','COMPLETED','2013/12/14 20:04:29','2013/12/14 21:44:43','1:40:13.509',6013,1048576,16,'LRU',0,10,-1,122231388,100000001,22143870,355331074,0.34399296021039805,0.2814276834116681,0.062318979735501545,2.9070362352426202,3.553310704466893,16.04647579668775,22.10582767823924,15.776249842237501,50.77707735820342,1174458,1577625,23003,1124401,0,0.30708167510239165,0.1082763671875,84,810023,0,0,314812,25,22460),(26,'em3d_ht-two_phase-lookahead_0-stride_10-C2T2-L1I_64KB_Assoc4-l1D_64KB_Assoc4-L2_2MB_Assoc16_LRU_MTPart-1_FIXED_LATENCY','em3d_ht',1388388896042,52,'TWO_PHASE','COMPLETED','2013/12/14 20:05:12','2013/12/14 21:45:13','1:40:01.211',6001,2097152,16,'LRU',0,10,-1,122231388,100000001,22143870,355331074,0.34399296021039805,0.2814276834116681,0.062318979735501545,2.9070362352426202,3.553310704466893,16.04647579668775,22.10582767823924,15.776249842237501,50.77707735820342,1174458,1577625,23003,1124401,0,0.30708167510239165,0.05413818359375,84,810023,0,0,314812,25,22460),(27,'429.mcf_baseline-two_phase-C2T2-L1I_64KB_Assoc4-l1D_64KB_Assoc4-L2_256KB_Assoc16_LRU_MTPart-1_FIXED_LATENCY','429.mcf_baseline',1388388896490,3,'TWO_PHASE','COMPLETED','2013/12/12 23:06:37','2013/12/13 01:32:08','2:25:30.830',8730,262144,16,'LRU',-1,-1,-1,100000003,100000003,0,968428570,0.10326007110674151,0.10326007110674151,0,9.684285409471437,9.684285409471437,0,57.542638273720854,57.542638273720854,0,1247411,5754264,0,0,0,0.17815894053922812,0.2626953125,0,0,0,0,0,0,0),(28,'429.mcf_baseline-two_phase-C2T2-L1I_64KB_Assoc4-l1D_64KB_Assoc4-L2_128KB_Assoc16_LRU_MTPart-1_FIXED_LATENCY','429.mcf_baseline',1388388896631,2,'TWO_PHASE','COMPLETED','2013/12/12 23:06:15','2013/12/13 01:31:14','2:24:58.492',8698,131072,16,'LRU',-1,-1,-1,100000003,100000003,0,968428570,0.10326007110674151,0.10326007110674151,0,9.684285409471437,9.684285409471437,0,57.542638273720854,57.542638273720854,0,1247411,5754264,0,0,0,0.17815894053922812,0.525390625,0,0,0,0,0,0,0),(29,'429.mcf_baseline-two_phase-C2T2-L1I_64KB_Assoc4-l1D_64KB_Assoc4-L2_512KB_Assoc16_LRU_MTPart-1_FIXED_LATENCY','429.mcf_baseline',1388388896794,4,'TWO_PHASE','COMPLETED','2013/12/12 23:06:24','2013/12/13 01:32:12','2:25:48.751',8748,524288,16,'LRU',-1,-1,-1,100000003,100000003,0,968428570,0.10326007110674151,0.10326007110674151,0,9.684285409471437,9.684285409471437,0,57.542638273720854,57.542638273720854,0,1247411,5754264,0,0,0,0.17815894053922812,0.13134765625,0,0,0,0,0,0,0),(30,'429.mcf_baseline-two_phase-C2T2-L1I_64KB_Assoc4-l1D_64KB_Assoc4-L2_1MB_Assoc16_LRU_MTPart-1_FIXED_LATENCY','429.mcf_baseline',1388388896952,5,'TWO_PHASE','COMPLETED','2013/12/12 23:06:10','2013/12/13 01:32:24','2:26:14.109',8774,1048576,16,'LRU',-1,-1,-1,100000003,100000003,0,968428570,0.10326007110674151,0.10326007110674151,0,9.684285409471437,9.684285409471437,0,57.542638273720854,57.542638273720854,0,1247411,5754264,0,0,0,0.17815894053922812,0.065673828125,0,0,0,0,0,0,0),(31,'429.mcf_baseline-two_phase-C2T2-L1I_64KB_Assoc4-l1D_64KB_Assoc4-L2_2MB_Assoc16_LRU_MTPart-1_FIXED_LATENCY','429.mcf_baseline',1388388900020,6,'TWO_PHASE','COMPLETED','2013/12/12 23:06:23','2013/12/13 01:33:11','2:26:48.492',8808,2097152,16,'LRU',-1,-1,-1,100000003,100000003,0,968428570,0.10326007110674151,0.10326007110674151,0,9.684285409471437,9.684285409471437,0,57.542638273720854,57.542638273720854,0,1247411,5754264,0,0,0,0.17815894053922812,0.0328369140625,0,0,0,0,0,0,0),(32,'429.mcf_ht-two_phase-lookahead_20-stride_10-C2T2-L1I_64KB_Assoc4-l1D_64KB_Assoc4-L2_256KB_Assoc16_LRU_MTPart-1_FIXED_LATENCY','429.mcf_ht',1388388900272,9,'TWO_PHASE','COMPLETED','2013/12/13 08:53:26','2013/12/13 15:52:46','6:59:20.043',25160,262144,16,'LRU',20,10,-1,1191090505,100000000,1090872753,884418711,1.346749554465272,0.11306861643274302,1.2334347288588743,0.7425285545366681,8.84418711,0.8107441574351981,5.54310354442797,54.10578,1.0924830570041746,1637021,5410578,5433,1191760,0,0.19921108986133307,0.2724609375,2,378789,0,0,812971,0,5431),(33,'429.mcf_ht-two_phase-lookahead_20-stride_10-C2T2-L1I_64KB_Assoc4-l1D_64KB_Assoc4-L2_128KB_Assoc16_LRU_MTPart-1_FIXED_LATENCY','429.mcf_ht',1388388900416,8,'TWO_PHASE','COMPLETED','2013/12/12 23:08:59','2013/12/13 05:54:44','6:45:45.298',24345,131072,16,'LRU',20,10,-1,1209348667,100000000,1109128843,894464852,1.3520359847521433,0.1117986914481912,1.239991532948463,0.7396252845913129,8.94464852,0.8064571196080598,5.508910028839516,54.66143,1.0783688545731922,1592917,5466143,5430,1196050,103102,0.19349182983194804,0.5361328125,3,334665,1504,500,859382,0,5426),(34,'429.mcf_ht-two_phase-lookahead_20-stride_10-C2T2-L1I_64KB_Assoc4-l1D_64KB_Assoc4-L2_512KB_Assoc16_LRU_MTPart-1_FIXED_LATENCY','429.mcf_ht',1388388900728,10,'TWO_PHASE','COMPLETED','2013/12/13 08:53:17','2013/12/13 15:52:31','6:59:14.170',25154,524288,16,'LRU',20,10,-1,1191090505,100000000,1090872753,884418711,1.346749554465272,0.11306861643274302,1.2334347288588743,0.7425285545366681,8.84418711,0.8107441574351981,5.54310354442797,54.10578,1.0924830570041746,1637021,5410578,5433,1191760,0,0.19921108986133307,0.13623046875,2,378789,0,0,812971,0,5431),(35,'429.mcf_ht-two_phase-lookahead_20-stride_10-C2T2-L1I_64KB_Assoc4-l1D_64KB_Assoc4-L2_1MB_Assoc16_LRU_MTPart-1_FIXED_LATENCY','429.mcf_ht',1388388901006,11,'TWO_PHASE','COMPLETED','2013/12/13 01:50:20','2013/12/13 08:28:38','6:38:17.961',23897,1048576,16,'LRU',20,10,-1,1191090505,100000000,1090872753,884418711,1.346749554465272,0.11306861643274302,1.2334347288588743,0.7425285545366681,8.84418711,0.8107441574351981,5.54310354442797,54.10578,1.0924830570041746,1637021,5410578,5433,1191760,0,0.19921108986133307,0.068115234375,2,378789,0,0,812971,0,5431),(36,'429.mcf_ht-two_phase-lookahead_20-stride_10-C2T2-L1I_64KB_Assoc4-l1D_64KB_Assoc4-L2_2MB_Assoc16_LRU_MTPart-1_FIXED_LATENCY','429.mcf_ht',1388388901162,12,'TWO_PHASE','COMPLETED','2013/12/13 01:50:01','2013/12/13 08:30:56','6:40:54.317',24054,2097152,16,'LRU',20,10,-1,1191090505,100000000,1090872753,884418711,1.346749554465272,0.11306861643274302,1.2334347288588743,0.7425285545366681,8.84418711,0.8107441574351981,5.54310354442797,54.10578,1.0924830570041746,1637021,5410578,5433,1191760,0,0.19921108986133307,0.0340576171875,2,378789,0,0,812971,0,5431),(37,'mst_ht-two_phase-lookahead_10-stride_10-C2T2-L1I_64KB_Assoc4-l1D_64KB_Assoc4-L2_96KB_Assoc16_LRU_MTPart-1_FIXED_LATENCY','mst_ht',1388388901448,94,'TWO_PHASE','COMPLETED','2013/12/15 22:34:51','2013/12/16 04:13:34','5:38:42.464',20322,98304,16,'LRU',10,10,-1,163803146,100000002,63404679,1625168168,0.10079150528870068,0.06153209493579005,0.03901422649572841,9.921471032064305,16.251681354966372,25.631675668604835,51.96657211943902,29.836559403268815,87.19596230429619,5615416,2983656,217124,5528632,1318338,0.40659532480975025,0.8274739583333334,2338299,3158800,11549,1235,18752,116711,100410),(38,'mst_ht-two_phase-lookahead_0-stride_10-C2T2-L1I_64KB_Assoc4-l1D_64KB_Assoc4-L2_96KB_Assoc16_LRU_MTPart-1_FIXED_LATENCY','mst_ht',1388388901675,93,'TWO_PHASE','COMPLETED','2013/12/15 22:26:30','2013/12/16 06:13:04','7:46:34.189',27994,98304,16,'LRU',0,10,-1,189958490,100000002,89376947,2365308205,0.08031024861726212,0.042277789333589194,0.03778659660972174,12.451710923791824,23.65308157693837,26.464410392089135,44.648154446795196,52.776308944473826,35.84442194025714,3359039,5277631,5196150,3203665,257635,0.5021686691826395,0.7135416666666666,3185599,5164,295,139,12471,5046430,149717),(39,'mst_ht-two_phase-lookahead_40-stride_10-C2T2-L1I_64KB_Assoc4-l1D_64KB_Assoc4-L2_96KB_Assoc16_LRU_MTPart-1_FIXED_LATENCY','mst_ht',1388388901898,95,'TWO_PHASE','COMPLETED','2013/12/15 23:06:44','2013/12/16 04:04:38','4:57:54.447',17874,98304,16,'LRU',40,10,-1,182088419,100000002,81752408,1372865061,0.1326338794486955,0.07284037218279824,0.05954875706462458,7.539551765782535,13.728650335426993,16.79296175593996,47.3349927872129,39.41795921164082,57.21370311196216,4659190,3941796,96763,4677358,1841505,0.3555824263686264,0.83984375,3810,4538832,19138,2400,113181,1881,94879),(40,'mst_ht-two_phase-lookahead_80-stride_10-C2T2-L1I_64KB_Assoc4-l1D_64KB_Assoc4-L2_96KB_Assoc16_LRU_MTPart-1_FIXED_LATENCY','mst_ht',1388388902269,96,'TWO_PHASE','COMPLETED','2013/12/15 23:09:30','2013/12/16 04:36:53','5:27:23.364',19643,98304,16,'LRU',80,10,-1,225507590,100000002,125145679,1478758152,0.152497952214163,0.06762431156491099,0.08462890218440534,6.557465103502724,14.787581224248376,11.816294128701,41.46049363571311,44.37725911245482,39.24969714695463,4200335,4437726,119594,4911930,2382593,0.3160248829792565,0.859375,4600,4061879,23915,43427,778112,2509,117082),(41,'mst_ht-two_phase-lookahead_160-stride_10-C2T2-L1I_64KB_Assoc4-l1D_64KB_Assoc4-L2_96KB_Assoc16_LRU_MTPart-1_FIXED_LATENCY','mst_ht',1388388902845,97,'TWO_PHASE','COMPLETED','2013/12/16 00:19:12','2013/12/16 07:39:22','7:20:10.086',26410,98304,16,'LRU',160,10,-1,352301523,100000002,251825504,1945720784,0.18106478889316321,0.05139483672185515,0.12942530401628274,5.5228849635146195,19.45720745085585,7.726464369550115,36.39137262543143,66.01562867968742,24.696358792952125,2134191,6601563,173834,6219173,3904159,0.15255875877740419,0.8678385416666666,4077,1957801,32327,482010,3742961,3261,170570),(42,'mst_ht-two_phase-lookahead_320-stride_10-C2T2-L1I_64KB_Assoc4-l1D_64KB_Assoc4-L2_96KB_Assoc16_LRU_MTPart-1_FIXED_LATENCY','mst_ht',1388388903046,98,'TWO_PHASE','COMPLETED','2013/12/16 00:17:39','2013/12/16 09:03:35','8:45:56.568',31556,98304,16,'LRU',320,10,-1,585140653,100000002,484602622,2198768219,0.2661220259341942,0.0454800106422677,0.22039731965036194,3.7576746850983196,21.987681750246367,4.537260260634743,24.268694932054224,78.15140843697183,13.17669098373141,983346,7815141,224267,6385459,3792298,0.07837463046493451,0.931640625,3324,762047,29279,139523,5451289,2614,221650),(43,'em3d_ht-two_phase-lookahead_20-stride_10-C2T2-L1I_64KB_Assoc4-l1D_64KB_Assoc4-L2_96KB_Assoc16_LRU_MTPart-1_FIXED_LATENCY','em3d_ht',1388388903461,54,'TWO_PHASE','COMPLETED','2013/12/14 21:45:25','2013/12/14 23:55:23','2:09:58.147',7798,98304,16,'LRU',20,10,-1,125525466,100000001,25405240,491449581,0.2554188076518067,0.20347967495774505,0.051694499257290034,3.9151384707864776,4.914495760855043,19.344417962593543,31.98494399534832,24.6526697534733,60.99757372888428,373552,2465267,30772,1549658,2263297,0.09149156338554357,0.9674479166666666,40,29483,32661,7957,1481918,42,28329),(44,'em3d_ht-two_phase-lookahead_10-stride_10-C2T2-L1I_64KB_Assoc4-l1D_64KB_Assoc4-L2_96KB_Assoc16_LRU_MTPart-1_FIXED_LATENCY','em3d_ht',1388388903649,53,'TWO_PHASE','COMPLETED','2013/12/14 20:10:37','2013/12/14 22:14:46','2:04:09.143',7449,98304,16,'LRU',10,10,-1,125524179,100000001,25403953,491338886,0.2554737322378347,0.2035255174165067,0.05170352627046091,3.914296750747918,4.9133888108661115,19.341040585297886,31.97504283218614,24.6447897535521,60.981139431331805,374155,2464479,30695,1549162,2261628,0.09162630409341108,0.9576822916666666,46,30124,32743,7993,1480593,46,28312),(45,'em3d_ht-two_phase-lookahead_40-stride_10-C2T2-L1I_64KB_Assoc4-l1D_64KB_Assoc4-L2_96KB_Assoc16_LRU_MTPart-1_FIXED_LATENCY','em3d_ht',1388388903843,55,'TWO_PHASE','COMPLETED','2013/12/14 22:09:42','2013/12/15 00:18:09','2:08:27.095',7707,98304,16,'LRU',40,10,-1,125575006,100000001,25454780,491502007,0.2554923565144262,0.20345797082370815,0.051789778347741316,3.91401141561562,4.915020020849799,19.308829500785315,31.981196958891648,24.6512197534878,60.92832073190183,373629,2465122,30361,1550917,2265524,0.09139985280639562,0.9752604166666666,47,29541,32610,8080,1482998,41,27961),(46,'em3d_ht-two_phase-lookahead_80-stride_10-C2T2-L1I_64KB_Assoc4-l1D_64KB_Assoc4-L2_96KB_Assoc16_LRU_MTPart-1_FIXED_LATENCY','em3d_ht',1388388904320,56,'TWO_PHASE','COMPLETED','2013/12/14 22:18:06','2013/12/15 00:26:07','2:08:00.671',7680,98304,16,'LRU',80,10,-1,125556325,100000001,25436099,491534461,0.25543748193069216,0.20344453733021173,0.051748353407921076,3.9148522465913205,4.915344560846554,19.324286361678336,31.995321621590946,24.6528297534717,61.01297215425998,373472,2465283,29807,1551932,2273552,0.0912293965335096,0.9830729166666666,41,29467,32435,8048,1484257,36,27455),(47,'em3d_ht-two_phase-lookahead_160-stride_10-C2T2-L1I_64KB_Assoc4-l1D_64KB_Assoc4-L2_96KB_Assoc16_LRU_MTPart-1_FIXED_LATENCY','em3d_ht',1388388904535,57,'TWO_PHASE','COMPLETED','2013/12/15 00:21:50','2013/12/15 02:28:40','2:06:50.167',7610,98304,16,'LRU',160,10,-1,125476881,100000001,25356655,491699298,0.2551902789171767,0.20337633469633304,0.051569435024900113,3.9186445668824046,4.91699293083007,19.39133130927561,32.040547772302375,24.6609797533902,61.295545488945606,372870,2466098,29351,1554250,2282994,0.09094736566009484,0.9700520833333334,36,28797,32237,8012,1487381,43,27095),(48,'em3d_ht-two_phase-lookahead_320-stride_10-C2T2-L1I_64KB_Assoc4-l1D_64KB_Assoc4-L2_96KB_Assoc16_LRU_MTPart-1_FIXED_LATENCY','em3d_ht',1388388904687,58,'TWO_PHASE','COMPLETED','2013/12/15 00:25:38','2013/12/15 02:32:10','2:06:31.878',7591,98304,16,'LRU',320,10,-1,125461647,100000001,25341273,492119932,0.25494120201577203,0.2032025010521216,0.051494100019505,3.922473072587673,4.921199270788008,19.419700502022927,32.095314355310514,24.67899975321,61.51352380758456,371827,2467900,27811,1558831,2312216,0.0902857398468135,0.9694010416666666,38,27658,32432,7828,1492934,44,25708),(49,'429.mcf_ht-two_phase-lookahead_10-stride_10-C2T2-L1I_64KB_Assoc4-l1D_64KB_Assoc4-L2_96KB_Assoc16_LRU_MTPart-1_FIXED_LATENCY','429.mcf_ht',1388388904944,14,'TWO_PHASE','COMPLETED','2013/12/13 01:51:12','2013/12/13 08:21:32','6:30:20.312',23420,98304,16,'LRU',10,10,-1,1166143613,100000000,1065928969,875615864,1.3317981787959017,0.11420533148312169,1.2173477124210714,0.7508645198059324,8.75615864,0.821457985912005,5.741045035419664,54.95736,1.1249783380265743,1742062,5495736,5476,1199147,1918425,0.20699488926221518,0.6888020833333334,94,476872,3613,7657,710913,33,5441),(50,'429.mcf_ht-two_phase-lookahead_0-stride_10-C2T2-L1I_64KB_Assoc4-l1D_64KB_Assoc4-L2_96KB_Assoc16_LRU_MTPart-1_FIXED_LATENCY','429.mcf_ht',1388388905070,13,'TWO_PHASE','COMPLETED','2013/12/13 01:50:29','2013/12/13 08:23:35','6:33:05.936',23585,98304,16,'LRU',0,10,-1,1165848451,100000000,1065633807,875768739,1.3312286669780298,0.1141853956949701,1.2167981791823241,0.7511857465254719,8.75768739,0.8218289746883002,5.740716981061547,54.96185,1.122919517135777,1742168,5496185,5474,1196621,1913832,0.20705559704887702,0.6875,68,476949,3663,7624,708319,26,5446),(51,'429.mcf_ht-two_phase-lookahead_40-stride_10-C2T2-L1I_64KB_Assoc4-l1D_64KB_Assoc4-L2_96KB_Assoc16_LRU_MTPart-1_FIXED_LATENCY','429.mcf_ht',1388388905208,15,'TWO_PHASE','COMPLETED','2013/12/13 08:54:03','2013/12/13 15:56:03','7:02:00.785',25320,98304,16,'LRU',40,10,-1,1175469657,100000000,1075253829,880473771,1.3350422189918931,0.11357521744960646,1.2212218744219696,0.7490399822374998,8.80473771,0.8188520210328868,5.71298285754049,55.16354,1.1151636642997718,1721444,5516354,5476,1199084,1947258,0.20455422525318165,0.6888020833333334,92,456360,3573,7790,731271,21,5453),(52,'429.mcf_ht-two_phase-lookahead_80-stride_10-C2T2-L1I_64KB_Assoc4-l1D_64KB_Assoc4-L2_96KB_Assoc16_LRU_MTPart-1_FIXED_LATENCY','429.mcf_ht',1388388905342,16,'TWO_PHASE','COMPLETED','2013/12/13 08:53:38','2013/12/13 15:54:22','7:00:44.210',25244,98304,16,'LRU',80,10,-1,1175724019,100000000,1075508191,880583961,1.3351640173696055,0.1135610054564689,1.22135791546628,0.7489716521645714,8.80583961,0.8187608131382423,5.7119093354169195,55.16568,1.1148785383820474,1721464,5516568,5477,1199061,1947130,0.2045515761195939,0.6842447916666666,92,456375,3598,7840,731158,21,5454),(53,'429.mcf_ht-two_phase-lookahead_160-stride_10-C2T2-L1I_64KB_Assoc4-l1D_64KB_Assoc4-L2_96KB_Assoc16_LRU_MTPart-1_FIXED_LATENCY','429.mcf_ht',1388388905491,17,'TWO_PHASE','COMPLETED','2013/12/13 08:53:23','2013/12/13 15:49:25','6:56:02.092',24962,98304,16,'LRU',160,10,-1,1175557233,100000000,1075341405,880486511,1.3351223650943587,0.11357357409874051,1.2213036674221123,0.7489950180928366,8.80486511,0.8187971809752829,5.712502812698019,55.16372,1.1149965903154264,1721471,5516372,5476,1199002,1946733,0.20455831992173718,0.6875,92,456395,3582,7871,731064,21,5453),(54,'429.mcf_ht-two_phase-lookahead_320-stride_10-C2T2-L1I_64KB_Assoc4-l1D_64KB_Assoc4-L2_96KB_Assoc16_LRU_MTPart-1_FIXED_LATENCY','429.mcf_ht',1388388905633,18,'TWO_PHASE','COMPLETED','2013/12/13 08:53:47','2013/12/13 15:51:23','6:57:35.454',25055,98304,16,'LRU',320,10,-1,1175631429,100000000,1075415601,880472249,1.33522825998801,0.11357541377774871,1.2214077186662131,0.7489356164533094,8.80472249,0.8187274279648469,5.711998534874147,55.16277,1.1148508529029606,1721506,5516277,5476,1198928,1946636,0.20456571265242052,0.6888020833333334,91,456432,3559,7796,731052,21,5453),(55,'mst_ht-two_phase-lookahead_20-stride_10-C2T2-L1I_64KB_Assoc4-l1D_64KB_Assoc4-L2_96KB_Assoc16_STATIC_CACHE_PARTITIONING_LRU_MTPart2_FIXED_LATENCY','mst_ht',1388388905829,100,'TWO_PHASE','COMPLETED','2013/12/16 00:19:52','2013/12/16 05:12:15','4:52:23.586',17543,98304,16,'STATIC_CACHE_PARTITIONING_LRU',20,10,2,163522441,100000002,63183322,1384948108,0.1180711681942671,0.07220487281968258,0.04562143638092179,8.469468163088392,13.849480803010383,21.919520281000736,51.89383761706444,37.372249252555015,75.15562413764822,4839173,3737225,91643,4748582,1701831,0.36751543216202764,0.849609375,307500,4424954,12077,0,4054,8199,83441),(56,'mst_ht-two_phase-lookahead_20-stride_10-C2T2-L1I_64KB_Assoc4-l1D_64KB_Assoc4-L2_96KB_Assoc16_STATIC_CACHE_PARTITIONING_LRU_MTPart1_FIXED_LATENCY','mst_ht',1388388906149,99,'TWO_PHASE','COMPLETED','2013/12/16 00:19:23','2013/12/16 05:14:21','4:54:57.902',17697,98304,16,'STATIC_CACHE_PARTITIONING_LRU',20,10,1,163522441,100000002,63183322,1384948108,0.1180711681942671,0.07220487281968258,0.04562143638092179,8.469468163088392,13.849480803010383,21.919520281000736,51.89383761706444,37.372249252555015,75.15562413764822,4839173,3737225,91643,4748582,1701831,0.36751543216202764,0.849609375,307500,4424954,12077,0,4054,8199,83441),(57,'mst_ht-two_phase-lookahead_20-stride_10-C2T2-L1I_64KB_Assoc4-l1D_64KB_Assoc4-L2_96KB_Assoc16_STATIC_CACHE_PARTITIONING_LRU_MTPart3_FIXED_LATENCY','mst_ht',1388388906362,101,'TWO_PHASE','COMPLETED','2013/12/16 05:02:45','2013/12/16 09:57:20','4:54:35.160',17675,98304,16,'STATIC_CACHE_PARTITIONING_LRU',20,10,3,163522441,100000002,63183322,1384948108,0.1180711681942671,0.07220487281968258,0.04562143638092179,8.469468163088392,13.849480803010383,21.919520281000736,51.89383761706444,37.372249252555015,75.15562413764822,4839173,3737225,91643,4748582,1701831,0.36751543216202764,0.849609375,307500,4424954,12077,0,4054,8199,83441),(58,'mst_ht-two_phase-lookahead_20-stride_10-C2T2-L1I_64KB_Assoc4-l1D_64KB_Assoc4-L2_96KB_Assoc16_STATIC_CACHE_PARTITIONING_LRU_MTPart4_FIXED_LATENCY','mst_ht',1388388906513,102,'TWO_PHASE','COMPLETED','2013/12/16 05:10:51','2013/12/16 10:05:34','4:54:43.649',17683,98304,16,'STATIC_CACHE_PARTITIONING_LRU',20,10,4,163522441,100000002,63183322,1384948108,0.1180711681942671,0.07220487281968258,0.04562143638092179,8.469468163088392,13.849480803010383,21.919520281000736,51.89383761706444,37.372249252555015,75.15562413764822,4839173,3737225,91643,4748582,1701831,0.36751543216202764,0.849609375,307500,4424954,12077,0,4054,8199,83441),(59,'mst_ht-two_phase-lookahead_20-stride_10-C2T2-L1I_64KB_Assoc4-l1D_64KB_Assoc4-L2_96KB_Assoc16_STATIC_CACHE_PARTITIONING_LRU_MTPart5_FIXED_LATENCY','mst_ht',1388388906723,103,'TWO_PHASE','COMPLETED','2013/12/16 05:34:40','2013/12/16 10:30:58','4:56:18.256',17778,98304,16,'STATIC_CACHE_PARTITIONING_LRU',20,10,5,163522441,100000002,63183322,1384948108,0.1180711681942671,0.07220487281968258,0.04562143638092179,8.469468163088392,13.849480803010383,21.919520281000736,51.89383761706444,37.372249252555015,75.15562413764822,4839173,3737225,91643,4748582,1701831,0.36751543216202764,0.849609375,307500,4424954,12077,0,4054,8199,83441),(60,'mst_ht-two_phase-lookahead_20-stride_10-C2T2-L1I_64KB_Assoc4-l1D_64KB_Assoc4-L2_96KB_Assoc16_STATIC_CACHE_PARTITIONING_LRU_MTPart6_FIXED_LATENCY','mst_ht',1388388906946,104,'TWO_PHASE','COMPLETED','2013/12/16 06:10:56','2013/12/16 11:06:49','4:55:53.220',17753,98304,16,'STATIC_CACHE_PARTITIONING_LRU',20,10,6,163522441,100000002,63183322,1384948108,0.1180711681942671,0.07220487281968258,0.04562143638092179,8.469468163088392,13.849480803010383,21.919520281000736,51.89383761706444,37.372249252555015,75.15562413764822,4839173,3737225,91643,4748582,1701831,0.36751543216202764,0.849609375,307500,4424954,12077,0,4054,8199,83441),(61,'mst_ht-two_phase-lookahead_20-stride_10-C2T2-L1I_64KB_Assoc4-l1D_64KB_Assoc4-L2_96KB_Assoc16_STATIC_CACHE_PARTITIONING_LRU_MTPart7_FIXED_LATENCY','mst_ht',1388388907087,105,'TWO_PHASE','COMPLETED','2013/12/16 06:13:04','2013/12/16 11:11:07','4:58:02.796',17882,98304,16,'STATIC_CACHE_PARTITIONING_LRU',20,10,7,163522441,100000002,63183322,1384948108,0.1180711681942671,0.07220487281968258,0.04562143638092179,8.469468163088392,13.849480803010383,21.919520281000736,51.89383761706444,37.372249252555015,75.15562413764822,4839173,3737225,91643,4748582,1701831,0.36751543216202764,0.849609375,307500,4424954,12077,0,4054,8199,83441),(62,'mst_ht-two_phase-lookahead_20-stride_10-C2T2-L1I_64KB_Assoc4-l1D_64KB_Assoc4-L2_96KB_Assoc16_STATIC_CACHE_PARTITIONING_LRU_MTPart8_FIXED_LATENCY','mst_ht',1388388907311,106,'TWO_PHASE','COMPLETED','2013/12/16 07:11:29','2013/12/16 12:06:44','4:55:14.675',17714,98304,16,'STATIC_CACHE_PARTITIONING_LRU',20,10,8,163590773,100000002,63251654,1384787012,0.11813424850348034,0.07221327260686353,0.045676088417848336,8.464945709376897,13.847869843042604,21.893293288425312,51.86931294713059,37.371509252569815,75.06823457928863,4839175,3737151,91377,4748190,1701211,0.36751575165365435,0.841796875,306569,4425868,12089,0,3667,7954,83420),(63,'mst_ht-two_phase-lookahead_20-stride_10-C2T2-L1I_64KB_Assoc4-l1D_64KB_Assoc4-L2_96KB_Assoc16_STATIC_CACHE_PARTITIONING_LRU_MTPart9_FIXED_LATENCY','mst_ht',1388388907465,107,'TWO_PHASE','COMPLETED','2013/12/16 08:37:31','2013/12/16 13:30:37','4:53:06.890',17586,98304,16,'STATIC_CACHE_PARTITIONING_LRU',20,10,9,163594510,100000002,63255391,1385112904,0.11810915162768565,0.07219628213065872,0.04566803963585051,8.466744415811998,13.851128762977424,21.897151880698992,51.86776133257772,37.365029252699415,75.07309535087688,4839780,3736503,92099,4748778,1692042,0.36757994985526,0.8391927083333334,308671,4424431,11989,0,3690,8626,83470),(64,'mst_ht-two_phase-lookahead_20-stride_10-C2T2-L1I_64KB_Assoc4-l1D_64KB_Assoc4-L2_96KB_Assoc16_STATIC_CACHE_PARTITIONING_LRU_MTPart10_FIXED_LATENCY','mst_ht',1388388907656,108,'TWO_PHASE','COMPLETED','2013/12/16 10:00:48','2013/12/16 14:56:50','4:56:02.429',17762,98304,16,'STATIC_CACHE_PARTITIONING_LRU',20,10,10,163669779,100000002,63330512,1385159560,0.1181595129733646,0.07219385036045955,0.0457207341513782,8.463135763139267,13.851595322968093,21.8719147572974,51.84114044658177,37.35929925281402,74.98594042631457,4839786,3735930,91987,4748898,1671823,0.3675873643406404,0.8515625,307520,4425493,12141,0,3747,8469,83515),(65,'mst_ht-two_phase-lookahead_20-stride_10-C2T2-L1I_64KB_Assoc4-l1D_64KB_Assoc4-L2_96KB_Assoc16_STATIC_CACHE_PARTITIONING_LRU_MTPart11_FIXED_LATENCY','mst_ht',1388388908003,109,'TWO_PHASE','COMPLETED','2013/12/16 10:55:23','2013/12/16 15:51:12','4:55:48.907',17748,98304,16,'STATIC_CACHE_PARTITIONING_LRU',20,10,11,163596548,100000002,63257577,1383974069,0.11820781303959532,0.07225569050744982,0.0457071981454878,8.459677700534366,13.839740413205192,21.878392038316612,51.86779368963213,37.40200925195982,75.01379637098651,4835820,3740201,91774,4745191,1652652,0.3673748708900464,0.853515625,295653,4433374,12229,19,3919,8414,83357),(66,'mst_ht-two_phase-lookahead_20-stride_10-C2T2-L1I_64KB_Assoc4-l1D_64KB_Assoc4-L2_96KB_Assoc16_STATIC_CACHE_PARTITIONING_LRU_MTPart12_FIXED_LATENCY','mst_ht',1388388908388,110,'TWO_PHASE','COMPLETED','2013/12/16 11:03:23','2013/12/16 16:02:26','4:59:02.940',17942,98304,16,'STATIC_CACHE_PARTITIONING_LRU',20,10,12,163714079,100000002,63373924,1388741252,0.1178866680630583,0.07200765575011521,0.045634076116578125,8.482723419285156,13.887412242251756,21.91344900782852,51.871934606186194,37.30174925396502,75.14117320556007,4848605,3730175,94748,4761991,1655879,0.36793167424347356,0.8483072916666666,334301,4407312,12233,284,7864,9813,84932),(67,'mst_ht-two_phase-lookahead_20-stride_10-C2T2-L1I_64KB_Assoc4-l1D_64KB_Assoc4-L2_96KB_Assoc16_STATIC_CACHE_PARTITIONING_LRU_MTPart13_FIXED_LATENCY','mst_ht',1388388908629,111,'TWO_PHASE','COMPLETED','2013/12/16 11:28:27','2013/12/16 16:25:44','4:57:17.038',17837,98304,16,'STATIC_CACHE_PARTITIONING_LRU',20,10,13,163830702,100000002,63489363,1393663971,0.1175539480169284,0.07175330932050047,0.04555571810789102,8.50673258422588,13.936639431267212,21.951141185650265,52.09358744003917,37.460009250799814,75.42252392735458,4841022,3746001,101230,4788528,1689701,0.36672347795812665,0.8658854166666666,343277,4390819,12640,2479,39316,11363,89864),(68,'mst_ht-two_phase-lookahead_20-stride_10-C2T2-L1I_64KB_Assoc4-l1D_64KB_Assoc4-L2_96KB_Assoc16_STATIC_CACHE_PARTITIONING_LRU_MTPart14_FIXED_LATENCY','mst_ht',1388388908848,112,'TWO_PHASE','COMPLETED','2013/12/16 12:05:02','2013/12/16 17:00:21','4:55:18.929',17718,98304,16,'STATIC_CACHE_PARTITIONING_LRU',20,10,14,162984876,100000002,62647533,1377333301,0.11833364943813263,0.07260406898417103,0.045484657166508166,8.450681650977236,13.773332734533346,21.98543557972187,53.45394133379591,39.28407921431842,76.36016569080222,4668420,3928408,100843,4783776,1867602,0.3537649185580747,0.8561197916666666,28663,4534877,12529,11556,196154,4134,96706),(69,'mst_ht-two_phase-lookahead_20-stride_10-C2T2-L1I_64KB_Assoc4-l1D_64KB_Assoc4-L2_96KB_Assoc16_STATIC_CACHE_PARTITIONING_LRU_MTPart15_FIXED_LATENCY','mst_ht',1388388909056,113,'TWO_PHASE','COMPLETED','2013/12/16 12:09:02','2013/12/16 17:23:33','5:14:30.838',18870,98304,16,'STATIC_CACHE_PARTITIONING_LRU',20,10,15,169153329,100000002,68787718,1492255274,0.11335415055802309,0.06701266448330206,0.04609648174713035,8.821908991220623,14.922552441548952,21.693629580792315,57.939019337893136,44.08952911820942,78.38063475226785,4200408,4408953,124604,5391625,2836064,0.30618275059661226,0.857421875,6727,4088317,7902,120677,1168005,4180,120421),(70,'mst_ht-two_phase-lookahead_20-stride_10-C2T2-L1I_64KB_Assoc4-l1D_64KB_Assoc4-L2_96KB_Assoc16_MIN_MISS_CACHE_PARTITIONING_LRU_MTPart-1_FIXED_LATENCY','mst_ht',1388388909385,115,'TWO_PHASE','COMPLETED','2013/12/16 14:31:58','2013/12/16 19:10:16','4:38:18.535',16698,98304,16,'MIN_MISS_CACHE_PARTITIONING_LRU',20,10,-1,163414418,100000002,63076335,1380578857,0.11836659468702844,0.07243338654142521,0.04568832463294779,8.448329553148731,13.805788293884234,21.887429841952613,51.938342429491136,37.51985924960282,75.07550969789224,4823740,3751986,90338,4735488,1650835,0.36667976962668203,0.84375,262443,4454480,12375,187,6006,6897,83438),(71,'mst_ht-two_phase-lookahead_20-stride_10-C2T2-L1I_64KB_Assoc4-l1D_64KB_Assoc4-L2_96KB_Assoc16_CPI_BASED_CACHE_PARTITIONING_LRU_MTPart-1_FIXED_LATENCY','mst_ht',1388388909561,114,'TWO_PHASE','COMPLETED','2013/12/16 13:05:50','2013/12/16 18:03:30','4:57:39.432',17859,98304,16,'CPI_BASED_CACHE_PARTITIONING_LRU',20,10,-1,163522441,100000002,63183322,1384948108,0.1180711681942671,0.07220487281968258,0.04562143638092179,8.469468163088392,13.849480803010383,21.919520281000736,51.89383761706444,37.372249252555015,75.15562413764822,4839173,3737225,91643,4748582,1701831,0.36751543216202764,0.849609375,307500,4424954,12077,0,4054,8199,83441),(72,'mst_ht-two_phase-lookahead_20-stride_10-C2T2-L1I_64KB_Assoc4-l1D_64KB_Assoc4-L2_96KB_Assoc16_MLP_AWARE_CACHE_PARTITIONING_LRU_MTPart-1_FIXED_LATENCY','mst_ht',1388388909824,116,'TWO_PHASE','COMPLETED','2013/12/16 15:58:42','2013/12/16 20:15:14','4:16:32.348',15392,98304,16,'MLP_AWARE_CACHE_PARTITIONING_LRU',20,10,-1,163742704,100000002,63403141,1386672844,0.11808315473148474,0.07211506479894692,0.04572321530225337,8.468608433387054,13.866728162665437,21.87072788712471,51.95090707675134,37.478809250423815,75.05465699246666,4828533,3747881,92507,4758701,1668172,0.3664863368956916,0.8561197916666666,299716,4422156,11987,1909,22936,8476,84028),(73,'em3d_ht-two_phase-lookahead_0-stride_10-C2T2-L1I_64KB_Assoc4-l1D_64KB_Assoc4-L2_96KB_Assoc16_STATIC_CACHE_PARTITIONING_LRU_MTPart2_FIXED_LATENCY','em3d_ht',1388388910089,60,'TWO_PHASE','COMPLETED','2013/12/15 00:28:32','2013/12/15 02:09:01','1:40:29.545',6029,98304,16,'STATIC_CACHE_PARTITIONING_LRU',0,10,2,120135623,100000001,20051361,344700403,0.34852185246792416,0.29010700344321905,0.05817040196497827,2.869260543977035,3.44700399552996,17.190873128262965,22.156692024646176,15.885359841146402,53.52614219054756,1236465,1588536,17541,1073272,1134559,0.3202414619284777,0.94921875,120,861124,22120,346,189898,27,17178),(74,'em3d_ht-two_phase-lookahead_0-stride_10-C2T2-L1I_64KB_Assoc4-l1D_64KB_Assoc4-L2_96KB_Assoc16_STATIC_CACHE_PARTITIONING_LRU_MTPart1_FIXED_LATENCY','em3d_ht',1388388910371,59,'TWO_PHASE','COMPLETED','2013/12/15 00:28:42','2013/12/15 02:08:57','1:40:14.438',6014,98304,16,'STATIC_CACHE_PARTITIONING_LRU',0,10,1,120126165,100000001,20041903,344556602,0.348639858597166,0.2902280798555124,0.05816722966173204,2.8682893689314066,3.44556598554434,17.191810677858285,22.148147324939575,15.880339841196601,53.514778511801005,1236705,1588034,17442,1072538,1139506,0.3203670557197081,0.9401041666666666,123,861484,21985,369,188907,25,17087),(75,'em3d_ht-two_phase-lookahead_0-stride_10-C2T2-L1I_64KB_Assoc4-l1D_64KB_Assoc4-L2_96KB_Assoc16_STATIC_CACHE_PARTITIONING_LRU_MTPart3_FIXED_LATENCY','em3d_ht',1388388910557,61,'TWO_PHASE','COMPLETED','2013/12/15 00:58:50','2013/12/15 02:39:43','1:40:52.898',6052,98304,16,'STATIC_CACHE_PARTITIONING_LRU',0,10,3,120147264,100000001,20063002,344602575,0.3486545740408353,0.2901893608891344,0.058220696696767285,2.8681683088513776,3.4460257155397427,17.176022561329557,22.145614568468243,15.875179841248201,53.49234376789675,1237203,1587518,17570,1073217,1129753,0.32046237678482586,0.912109375,126,861771,22031,397,189237,31,17194),(76,'em3d_ht-two_phase-lookahead_0-stride_10-C2T2-L1I_64KB_Assoc4-l1D_64KB_Assoc4-L2_96KB_Assoc16_STATIC_CACHE_PARTITIONING_LRU_MTPart4_FIXED_LATENCY','em3d_ht',1388388910691,62,'TWO_PHASE','COMPLETED','2013/12/15 02:39:20','2013/12/15 04:21:19','1:41:58.426',6118,98304,16,'STATIC_CACHE_PARTITIONING_LRU',0,10,4,120221187,100000001,20136777,345434133,0.3480292638017911,0.28949079273529693,0.0582941147856978,2.8733215967997388,3.454341295456587,17.15439034757151,22.191329719610902,15.9214098407859,53.421011714039444,1232509,1592141,17643,1075727,1135152,0.31907749322361806,0.9466145833333334,121,857999,21437,431,196096,24,17262),(77,'em3d_ht-two_phase-lookahead_0-stride_10-C2T2-L1I_64KB_Assoc4-l1D_64KB_Assoc4-L2_96KB_Assoc16_STATIC_CACHE_PARTITIONING_LRU_MTPart5_FIXED_LATENCY','em3d_ht',1388388910828,63,'TWO_PHASE','COMPLETED','2013/12/15 03:02:14','2013/12/15 04:44:12','1:41:57.593',6117,98304,16,'STATIC_CACHE_PARTITIONING_LRU',0,10,5,120358957,100000001,20273955,347768763,0.34608903905495386,0.28754739251840167,0.058297228379881834,2.889429849412869,3.477687595223124,17.15347414946911,22.342857291460245,16.0677098393229,53.38830040808514,1218616,1606771,17965,1082392,1160250,0.31499277589165264,0.935546875,124,844409,21439,713,216160,36,17476),(78,'em3d_ht-two_phase-lookahead_0-stride_10-C2T2-L1I_64KB_Assoc4-l1D_64KB_Assoc4-L2_96KB_Assoc16_STATIC_CACHE_PARTITIONING_LRU_MTPart6_FIXED_LATENCY','em3d_ht',1388388911016,64,'TWO_PHASE','COMPLETED','2013/12/15 03:09:37','2013/12/15 04:52:54','1:43:16.774',6196,98304,16,'STATIC_CACHE_PARTITIONING_LRU',0,10,6,120600465,100000001,20514279,352139909,0.34247883275280794,0.2839780395354166,0.058256046746465194,2.9198884846754116,3.5213990547860092,17.165600068128157,22.630824847980477,16.325479836745203,53.46227376550743,1193316,1632548,18328,1096740,1198051,0.3074511308492509,0.9251302083333334,128,820607,20777,1893,253945,30,17688),(79,'em3d_ht-two_phase-lookahead_0-stride_10-C2T2-L1I_64KB_Assoc4-l1D_64KB_Assoc4-L2_96KB_Assoc16_STATIC_CACHE_PARTITIONING_LRU_MTPart7_FIXED_LATENCY','em3d_ht',1388388911163,65,'TWO_PHASE','COMPLETED','2013/12/15 04:52:55','2013/12/15 06:36:28','1:43:32.948',6212,98304,16,'STATIC_CACHE_PARTITIONING_LRU',0,10,7,120953476,100000001,20865514,359899415,0.3360757782837741,0.2778554141300841,0.05797595975531108,2.9755194054943903,3.598994114010059,17.2485286008291,23.155316346592635,16.770599832294,53.85230385410108,1148772,1677060,19425,1123656,1258514,0.29433676172795925,0.92578125,142,778787,19197,5808,320499,34,18614),(80,'em3d_ht-two_phase-lookahead_0-stride_10-C2T2-L1I_64KB_Assoc4-l1D_64KB_Assoc4-L2_96KB_Assoc16_STATIC_CACHE_PARTITIONING_LRU_MTPart8_FIXED_LATENCY','em3d_ht',1388388911307,66,'TWO_PHASE','COMPLETED','2013/12/15 04:51:48','2013/12/15 06:36:46','1:44:57.566',6297,98304,16,'STATIC_CACHE_PARTITIONING_LRU',0,10,8,121227548,100000001,21137514,368447277,0.32902278173167226,0.27140925511575975,0.057369168723697746,3.039303220089876,3.6844727331552725,17.43096548629134,23.75997079475698,17.219739827802602,54.8025184040091,1101660,1721974,20531,1158389,1305324,0.28036873456298156,0.91796875,174,735409,16263,13765,393803,43,19463),(81,'em3d_ht-two_phase-lookahead_0-stride_10-C2T2-L1I_64KB_Assoc4-l1D_64KB_Assoc4-L2_96KB_Assoc16_STATIC_CACHE_PARTITIONING_LRU_MTPart9_FIXED_LATENCY','em3d_ht',1388388911488,67,'TWO_PHASE','COMPLETED','2013/12/15 05:11:23','2013/12/15 06:58:54','1:47:31.355',6451,98304,16,'STATIC_CACHE_PARTITIONING_LRU',0,10,9,121437285,100000001,21344735,378728649,0.32064457051412554,0.26404128988932124,0.05635891305386829,3.1187180197581,3.7872864521271357,17.743422394328157,24.517552413988835,17.7457598225424,56.34968061210411,1045597,1774576,21779,1202769,1341960,0.26389360353903274,0.9375,161,683298,12974,28853,478732,51,20479),(82,'em3d_ht-two_phase-lookahead_0-stride_10-C2T2-L1I_64KB_Assoc4-l1D_64KB_Assoc4-L2_96KB_Assoc16_STATIC_CACHE_PARTITIONING_LRU_MTPart10_FIXED_LATENCY','em3d_ht',1388388911670,68,'TWO_PHASE','COMPLETED','2013/12/15 05:15:03','2013/12/15 07:03:31','1:48:27.552',6507,98304,16,'STATIC_CACHE_PARTITIONING_LRU',0,10,10,121609212,100000001,21513850,389760550,0.3120100584833432,0.25656778501569744,0.05519760786462355,3.205024879200763,3.8976054610239452,18.116727131591976,25.341065444943432,18.297989817020103,58.19079337264135,985941,1829799,23060,1251908,1360874,0.24665681344158516,0.9251302083333334,195,626906,9609,51261,565400,52,21545),(83,'em3d_ht-two_phase-lookahead_0-stride_10-C2T2-L1I_64KB_Assoc4-l1D_64KB_Assoc4-L2_96KB_Assoc16_STATIC_CACHE_PARTITIONING_LRU_MTPart11_FIXED_LATENCY','em3d_ht',1388388911800,69,'TWO_PHASE','COMPLETED','2013/12/15 10:07:08','2013/12/15 11:51:51','1:44:42.411',6282,98304,16,'STATIC_CACHE_PARTITIONING_LRU',0,10,11,121781451,100000001,21683129,401969622,0.30296182680192685,0.24877502061586138,0.05394220810049173,3.3007458746734755,4.019696179803038,18.538358647407392,26.2473716132681,18.9026298109737,60.23946082689449,920206,1890263,24581,1306180,1366078,0.22814163907824486,0.8828125,168,564396,6194,80506,656715,53,22729),(84,'em3d_ht-two_phase-lookahead_0-stride_10-C2T2-L1I_64KB_Assoc4-l1D_64KB_Assoc4-L2_96KB_Assoc16_STATIC_CACHE_PARTITIONING_LRU_MTPart12_FIXED_LATENCY','em3d_ht',1388388911995,70,'TWO_PHASE','COMPLETED','2013/12/15 10:08:12','2013/12/15 11:54:06','1:45:53.796',6353,98304,16,'STATIC_CACHE_PARTITIONING_LRU',0,10,12,121941145,100000001,21840011,413405894,0.29496711771603334,0.2418930219703157,0.052829462078254744,3.390208399306075,4.134058898659411,18.92883176661404,27.092053301615298,19.4622898053771,62.15230386101912,858159,1946229,26069,1357407,1350130,0.2111405719001381,0.9166666666666666,170,504487,3751,114298,736787,48,23935),(85,'em3d_ht-two_phase-lookahead_0-stride_10-C2T2-L1I_64KB_Assoc4-l1D_64KB_Assoc4-L2_96KB_Assoc16_STATIC_CACHE_PARTITIONING_LRU_MTPart13_FIXED_LATENCY','em3d_ht',1388388912174,71,'TWO_PHASE','COMPLETED','2013/12/15 10:08:07','2013/12/15 11:57:34','1:49:26.684',6566,98304,16,'STATIC_CACHE_PARTITIONING_LRU',0,10,13,122145389,100000001,22041443,424493700,0.2877437026745038,0.2355747588244537,0.05192407566943868,3.4753149789387465,4.244936957550631,19.258888812315963,27.894036998809675,20.0126797998732,63.782575396719714,796179,2001268,27278,1405860,1330432,0.19464376676038894,0.9108072916666666,171,444039,1802,150339,811953,56,24778),(86,'em3d_ht-two_phase-lookahead_0-stride_10-C2T2-L1I_64KB_Assoc4-l1D_64KB_Assoc4-L2_96KB_Assoc16_STATIC_CACHE_PARTITIONING_LRU_MTPart14_FIXED_LATENCY','em3d_ht',1388388912316,72,'TWO_PHASE','COMPLETED','2013/12/15 10:08:10','2013/12/15 11:58:20','1:50:10.498',6610,98304,16,'STATIC_CACHE_PARTITIONING_LRU',0,10,14,122336135,100000001,22229969,433434715,0.28224812357265844,0.23071525546817356,0.051287929255966494,3.5429819243512966,4.334347106656529,19.497765156577593,28.531790709261823,20.451539795484603,65.0165099195595,745160,2045154,28840,1445315,1309901,0.18149973654398707,0.9459635416666666,217,393826,718,181310,872119,78,25887),(87,'em3d_ht-two_phase-lookahead_0-stride_10-C2T2-L1I_64KB_Assoc4-l1D_64KB_Assoc4-L2_96KB_Assoc16_STATIC_CACHE_PARTITIONING_LRU_MTPart15_FIXED_LATENCY','em3d_ht',1388388912577,73,'TWO_PHASE','COMPLETED','2013/12/15 10:08:25','2013/12/15 11:58:45','1:50:19.808',6619,98304,16,'STATIC_CACHE_PARTITIONING_LRU',0,10,15,122324154,100000001,22216212,440359372,0.27778256073995855,0.22708725499772037,0.05045018549077229,3.5999380138774555,4.403593675964063,19.821532671726395,29.125351645595686,20.7862497921375,66.802972531951,705186,2078625,29972,1484109,1308421,0.1710508314308503,0.8854166666666666,196,354006,197,207332,925673,94,26583),(88,'em3d_ht-two_phase-lookahead_0-stride_10-C2T2-L1I_64KB_Assoc4-l1D_64KB_Assoc4-L2_96KB_Assoc16_MIN_MISS_CACHE_PARTITIONING_LRU_MTPart-1_FIXED_LATENCY','em3d_ht',1388388912846,75,'TWO_PHASE','COMPLETED','2013/12/15 10:11:28','2013/12/15 11:48:45','1:37:17.024',5837,98304,16,'MIN_MISS_CACHE_PARTITIONING_LRU',0,10,-1,120290611,100000001,20205905,346509570,0.34714946256751295,0.2885923208412397,0.0583126896033492,2.8806036241681405,3.4650956653490432,17.148926019398786,22.258935903152075,15.9873898401261,53.39043215337299,1226283,1598739,17828,1078802,1145569,0.317241560444425,0.9296875,132,851769,21580,587,205160,26,17376),(89,'em3d_ht-two_phase-lookahead_0-stride_10-C2T2-L1I_64KB_Assoc4-l1D_64KB_Assoc4-L2_96KB_Assoc16_CPI_BASED_CACHE_PARTITIONING_LRU_MTPart-1_FIXED_LATENCY','em3d_ht',1388388913904,74,'TWO_PHASE','COMPLETED','2013/12/15 10:12:02','2013/12/15 11:49:49','1:37:46.870',5866,98304,16,'CPI_BASED_CACHE_PARTITIONING_LRU',0,10,-1,120162464,100000001,20078054,345157173,0.3481383943308633,0.2897230850827487,0.05817075689167265,2.8724209000907304,3.451571695484283,17.19076823879446,22.186479132118993,15.9107098408929,53.53661266176493,1233983,1591071,17750,1074911,1134817,0.31950588544598063,0.931640625,127,858609,22239,444,193823,36,17383),(90,'em3d_ht-two_phase-lookahead_0-stride_10-C2T2-L1I_64KB_Assoc4-l1D_64KB_Assoc4-L2_96KB_Assoc16_MLP_AWARE_CACHE_PARTITIONING_LRU_MTPart-1_FIXED_LATENCY','em3d_ht',1388388914350,76,'TWO_PHASE','COMPLETED','2013/12/15 10:18:46','2013/12/15 11:59:48','1:41:02.038',6062,98304,16,'MLP_AWARE_CACHE_PARTITIONING_LRU',0,10,-1,120163894,100000001,20079484,344991100,0.3483101274206784,0.28986255297600433,0.05820290436477926,2.8710046630146655,3.4499109655008904,17.181273184111703,22.170877718060634,15.9027698409723,53.48055756811281,1235020,1590277,17573,1073862,1133901,0.31980564409308576,0.951171875,118,859665,22085,391,191922,25,17229),(91,'429.mcf_ht-two_phase-lookahead_20-stride_10-C2T2-L1I_64KB_Assoc4-l1D_64KB_Assoc4-L2_96KB_Assoc16_STATIC_CACHE_PARTITIONING_LRU_MTPart2_FIXED_LATENCY','429.mcf_ht',1388388914660,20,'TWO_PHASE','COMPLETED','2013/12/13 08:53:40','2013/12/13 14:47:40','5:53:59.796',21239,98304,16,'STATIC_CACHE_PARTITIONING_LRU',20,10,2,950965411,100000000,850778147,764685362,1.2436035240857664,0.13077273996517277,1.1125858938568252,0.8041148007642941,7.64685362,0.898807009437679,6.567166300436558,50.53378,1.4007999667156472,2204547,5053378,5464,1191770,1366451,0.26138018220591713,0.7005208333333334,46,938230,2568,0,250951,6,5433),(92,'429.mcf_ht-two_phase-lookahead_20-stride_10-C2T2-L1I_64KB_Assoc4-l1D_64KB_Assoc4-L2_96KB_Assoc16_STATIC_CACHE_PARTITIONING_LRU_MTPart1_FIXED_LATENCY','429.mcf_ht',1388388914795,19,'TWO_PHASE','COMPLETED','2013/12/13 08:54:03','2013/12/13 14:50:48','5:56:45.206',21405,98304,16,'STATIC_CACHE_PARTITIONING_LRU',20,10,1,951328271,100000000,851141007,764864155,1.243787233041402,0.13074217081071082,1.112800229211944,0.8039960319858928,7.64864155,0.8986338911056603,6.5680230373391275,50.56587,1.4001898512686748,2204753,5056587,5465,1191759,1375760,0.26129943569617725,0.703125,49,938286,2697,0,250752,6,5434),(93,'429.mcf_ht-two_phase-lookahead_20-stride_10-C2T2-L1I_64KB_Assoc4-l1D_64KB_Assoc4-L2_96KB_Assoc16_STATIC_CACHE_PARTITIONING_LRU_MTPart3_FIXED_LATENCY','429.mcf_ht',1388388914946,21,'TWO_PHASE','COMPLETED','2013/12/13 15:06:26','2013/12/13 20:57:50','5:51:23.551',21083,98304,16,'STATIC_CACHE_PARTITIONING_LRU',20,10,3,950190265,100000000,850003149,764355837,1.2431255431100998,0.13082911800933889,1.1120516228883066,0.8044239823905163,7.64355837,0.8992388297610884,6.565349309277548,50.46491,1.4021595112937635,2203345,5046491,5462,1191840,1341334,0.26148584289732213,0.689453125,45,937481,2385,0,251950,6,5435),(94,'429.mcf_ht-two_phase-lookahead_20-stride_10-C2T2-L1I_64KB_Assoc4-l1D_64KB_Assoc4-L2_96KB_Assoc16_STATIC_CACHE_PARTITIONING_LRU_MTPart4_FIXED_LATENCY','429.mcf_ht',1388388915101,22,'TWO_PHASE','COMPLETED','2013/12/13 15:08:45','2013/12/13 20:59:21','5:50:36.683',21036,98304,16,'STATIC_CACHE_PARTITIONING_LRU',20,10,4,950684645,100000000,850497529,764509624,1.243522141717342,0.13080280072445497,1.1124745880242837,0.8041674260974311,7.64509624,0.898896937300802,6.5612766891801435,50.45611,1.401643108124774,2202799,5045611,5462,1192094,1339611,0.2614574815953557,0.6881510416666666,45,937030,2409,0,252620,6,5446),(95,'429.mcf_ht-two_phase-lookahead_20-stride_10-C2T2-L1I_64KB_Assoc4-l1D_64KB_Assoc4-L2_96KB_Assoc16_STATIC_CACHE_PARTITIONING_LRU_MTPart5_FIXED_LATENCY','429.mcf_ht',1388388915265,23,'TWO_PHASE','COMPLETED','2013/12/13 16:08:10','2013/12/13 22:00:58','5:52:48.439',21168,98304,16,'STATIC_CACHE_PARTITIONING_LRU',20,10,5,953478273,100000000,853290861,765484173,1.245588487170459,0.13063627378224058,1.1147073853347977,0.8028333677614907,7.65484173,0.8970964157554712,6.545153861099045,50.47664,1.3981141185572827,2200218,5047664,5462,1192998,1371804,0.26114026640171567,0.69140625,48,934487,2210,0,256260,6,5449),(96,'429.mcf_ht-two_phase-lookahead_20-stride_10-C2T2-L1I_64KB_Assoc4-l1D_64KB_Assoc4-L2_96KB_Assoc16_STATIC_CACHE_PARTITIONING_LRU_MTPart6_FIXED_LATENCY','429.mcf_ht',1388388915427,24,'TWO_PHASE','COMPLETED','2013/12/13 16:09:47','2013/12/13 22:05:38','5:55:51.196',21351,98304,16,'STATIC_CACHE_PARTITIONING_LRU',20,10,6,969212985,100000000,869024241,771173696,1.2568024428571796,0.12967247264616247,1.126885221199246,0.7956700002321987,7.71173696,0.8874018233514386,6.454866058155422,50.62854,1.3731331575133816,2184255,5062854,5463,1193286,1564725,0.2592653108778291,0.6881510416666666,42,918720,1455,18,273055,7,5452),(97,'429.mcf_ht-two_phase-lookahead_20-stride_10-C2T2-L1I_64KB_Assoc4-l1D_64KB_Assoc4-L2_96KB_Assoc16_STATIC_CACHE_PARTITIONING_LRU_MTPart7_FIXED_LATENCY','429.mcf_ht',1388388915572,25,'TWO_PHASE','COMPLETED','2013/12/13 23:03:15','2013/12/14 04:56:19','5:53:03.805',21183,98304,16,'STATIC_CACHE_PARTITIONING_LRU',20,10,7,982518011,100000000,882327639,777429871,1.2638027526987061,0.12862896542857433,1.134928913736066,0.791262717116745,7.77429871,0.8811124537378342,6.391266042653746,50.85946,1.3527718584819262,2159796,5085946,5462,1193588,1606043,0.25640157862976376,0.6927083333333334,49,894355,1302,133,297753,6,5452),(98,'429.mcf_ht-two_phase-lookahead_20-stride_10-C2T2-L1I_64KB_Assoc4-l1D_64KB_Assoc4-L2_96KB_Assoc16_STATIC_CACHE_PARTITIONING_LRU_MTPart8_FIXED_LATENCY','429.mcf_ht',1388388915724,26,'TWO_PHASE','COMPLETED','2013/12/13 23:03:03','2013/12/14 04:56:05','5:53:01.389',21181,98304,16,'STATIC_CACHE_PARTITIONING_LRU',20,10,8,993271575,100000000,893080019,782557276,1.2692637401278217,0.12778617369854983,1.1412327843463819,0.7878583216276979,7.82557276,0.8762454196167612,6.34182851754315,51.05119,1.3369899388601147,2139465,5105119,5465,1194039,1629598,0.2540155905528223,0.6881510416666666,49,874143,1153,402,318294,4,5459),(99,'429.mcf_ht-two_phase-lookahead_20-stride_10-C2T2-L1I_64KB_Assoc4-l1D_64KB_Assoc4-L2_96KB_Assoc16_STATIC_CACHE_PARTITIONING_LRU_MTPart9_FIXED_LATENCY','429.mcf_ht',1388388915877,27,'TWO_PHASE','COMPLETED','2013/12/13 23:03:50','2013/12/14 05:25:26','6:21:36.402',22896,98304,16,'STATIC_CACHE_PARTITIONING_LRU',20,10,9,1097096253,100000000,996891673,835613229,1.312923509256697,0.11967259077464892,1.1930060922958414,0.7616589945640804,8.35613229,0.8382186867760104,5.946626817984401,53.27931,1.199820434250934,1918416,5327931,5461,1196091,1922810,0.22773437513871791,0.6920572916666666,51,653467,797,1097,540681,3,5456),(100,'429.mcf_ht-two_phase-lookahead_20-stride_10-C2T2-L1I_64KB_Assoc4-l1D_64KB_Assoc4-L2_96KB_Assoc16_STATIC_CACHE_PARTITIONING_LRU_MTPart10_FIXED_LATENCY','429.mcf_ht',1388388916028,28,'TWO_PHASE','COMPLETED','2013/12/13 23:03:22','2013/12/14 06:13:47','7:10:25.177',25825,98304,16,'STATIC_CACHE_PARTITIONING_LRU',20,10,10,1269542373,100000000,1169316481,922846729,1.3756806337447613,0.10836035590477777,1.267075500464823,0.7269129007638093,9.22846729,0.7892189531193309,5.427895237333682,56.9072,1.0264312694657043,1557887,5690720,5462,1200223,2239544,0.18491779086882734,0.6881510416666666,48,293502,241,3063,903371,8,5452),(101,'429.mcf_ht-two_phase-lookahead_20-stride_10-C2T2-L1I_64KB_Assoc4-l1D_64KB_Assoc4-L2_96KB_Assoc16_STATIC_CACHE_PARTITIONING_LRU_MTPart11_FIXED_LATENCY','429.mcf_ht',1388388916186,29,'TWO_PHASE','COMPLETED','2013/12/13 23:03:15','2013/12/14 06:28:39','7:25:23.460',26723,98304,16,'STATIC_CACHE_PARTITIONING_LRU',20,10,11,1326037805,100000000,1225805549,948784511,1.397617467007743,0.10539801065534048,1.2919746631487747,0.7155033645515106,9.48784511,0.7740089868038279,5.2699666432210055,57.86081,0.9806563536775112,1462195,5786081,5463,1202094,1836013,0.17356752433497682,0.6881510416666666,39,197999,77,2686,1001295,7,5454),(102,'429.mcf_ht-two_phase-lookahead_20-stride_10-C2T2-L1I_64KB_Assoc4-l1D_64KB_Assoc4-L2_96KB_Assoc16_STATIC_CACHE_PARTITIONING_LRU_MTPart12_FIXED_LATENCY','429.mcf_ht',1388388916342,30,'TWO_PHASE','COMPLETED','2013/12/13 23:03:16','2013/12/14 06:34:37','7:31:20.898',27080,98304,16,'STATIC_CACHE_PARTITIONING_LRU',20,10,12,1343554917,100000000,1243320441,956555110,1.4045765925603597,0.1045418073193922,1.2997896597928373,0.7119583263004053,9.5655511,0.7693552510329877,5.218350148020038,58.07932,0.9677376485761484,1435465,5807932,5460,1203208,1583416,0.1704820064682418,0.6953125,51,171324,0,8915,1022920,6,5452),(103,'429.mcf_ht-two_phase-lookahead_20-stride_10-C2T2-L1I_64KB_Assoc4-l1D_64KB_Assoc4-L2_96KB_Assoc16_STATIC_CACHE_PARTITIONING_LRU_MTPart13_FIXED_LATENCY','429.mcf_ht',1388388916494,31,'TWO_PHASE','COMPLETED','2013/12/13 23:03:21','2013/12/14 06:36:30','7:33:08.711',27188,98304,16,'STATIC_CACHE_PARTITIONING_LRU',20,10,13,1356694511,100000000,1256457963,963251750,1.408452682281657,0.10381502032049254,1.3043920896068966,0.7099990028632172,9.6325175,0.7666406504361499,5.181785540518045,58.26356,0.958045581665035,1407653,5826356,5464,1203744,1518513,0.1673671303248513,0.69140625,45,143274,0,5167,1055260,6,5456),(104,'429.mcf_ht-two_phase-lookahead_20-stride_10-C2T2-L1I_64KB_Assoc4-l1D_64KB_Assoc4-L2_96KB_Assoc16_STATIC_CACHE_PARTITIONING_LRU_MTPart14_FIXED_LATENCY','429.mcf_ht',1388388916642,32,'TWO_PHASE','COMPLETED','2013/12/13 23:03:42','2013/12/14 06:42:02','7:38:19.317',27499,98304,16,'STATIC_CACHE_PARTITIONING_LRU',20,10,14,1361462793,100000000,1261225505,965736411,1.4097664512723855,0.10354792349234516,1.3059728209833439,0.7093373509473497,9.65736411,0.7657127192333459,5.168761156148613,58.33195,0.9545327106273513,1396681,5833195,5465,1203881,1499991,0.16614635804106112,0.6881510416666666,50,132357,0,8357,1063119,9,5454),(105,'429.mcf_ht-two_phase-lookahead_20-stride_10-C2T2-L1I_64KB_Assoc4-l1D_64KB_Assoc4-L2_96KB_Assoc16_STATIC_CACHE_PARTITIONING_LRU_MTPart15_FIXED_LATENCY','429.mcf_ht',1388388916784,33,'TWO_PHASE','COMPLETED','2013/12/14 07:30:56','2013/12/14 15:10:27','7:39:31.095',27571,98304,16,'STATIC_CACHE_PARTITIONING_LRU',20,10,15,1364427083,100000000,1264189351,967274467,1.4105893720442846,0.10338327270247277,1.3069603242199508,0.708923532119598,9.67274467,0.765134167784965,5.1614733302681,58.38474,0.9523731544231304,1390080,5838474,5465,1203980,1497613,0.16538814474853575,0.6888020833333334,58,125810,0,10127,1067987,10,5453),(106,'429.mcf_ht-two_phase-lookahead_20-stride_10-C2T2-L1I_64KB_Assoc4-l1D_64KB_Assoc4-L2_96KB_Assoc16_MIN_MISS_CACHE_PARTITIONING_LRU_MTPart-1_FIXED_LATENCY','429.mcf_ht',1388388917168,35,'TWO_PHASE','COMPLETED','2013/12/14 07:31:16','2013/12/14 15:08:25','7:37:09.015',27429,98304,16,'MIN_MISS_CACHE_PARTITIONING_LRU',20,10,-1,1355705377,100000000,1255468829,962827025,1.408046660302249,0.10386081549798626,1.3039401641224186,0.7102037369879075,9.62827025,0.7669063562230425,5.181949647161427,58.21453,0.9588003877075948,1408570,5821453,5461,1203744,1493384,0.1675545440886299,0.6848958333333334,46,144389,16,8528,1050767,7,5452),(107,'429.mcf_ht-two_phase-lookahead_20-stride_10-C2T2-L1I_64KB_Assoc4-l1D_64KB_Assoc4-L2_96KB_Assoc16_CPI_BASED_CACHE_PARTITIONING_LRU_MTPart-1_FIXED_LATENCY','429.mcf_ht',1388388917303,34,'TWO_PHASE','COMPLETED','2013/12/14 07:31:28','2013/12/14 15:06:31','7:35:02.668',27302,98304,16,'CPI_BASED_CACHE_PARTITIONING_LRU',20,10,-1,1329033687,100000000,1228799951,952889488,1.3947406322946025,0.10494396386918689,1.2895513766020263,0.7169791836886675,9.52889488,0.7754634814434493,5.271600011745978,58.04719,0.9777140689355384,1435219,5804719,5474,1201415,2028772,0.17056025889958443,0.6868489583333334,60,170962,120,8035,1022240,16,5456),(108,'429.mcf_ht-two_phase-lookahead_20-stride_10-C2T2-L1I_64KB_Assoc4-l1D_64KB_Assoc4-L2_96KB_Assoc16_MLP_AWARE_CACHE_PARTITIONING_LRU_MTPart-1_FIXED_LATENCY','429.mcf_ht',1388388917441,36,'TWO_PHASE','COMPLETED','2013/12/14 07:31:56','2013/12/14 13:30:24','5:58:28.125',21508,98304,16,'MLP_AWARE_CACHE_PARTITIONING_LRU',20,10,-1,962062205,100000000,861873609,770415597,1.2487574352677597,0.1298000720512412,1.1187125654726329,0.800796032726387,7.70415597,0.8938846589047837,6.5045814786997065,50.65748,1.383107670953178,2175941,5065748,5463,1192064,1325033,0.2584842004280966,0.6881510416666666,46,910600,2103,374,278965,5,5434),(109,'mst_ht-two_phase-lookahead_20-stride_10-C2T2-L1I_64KB_Assoc4-l1D_64KB_Assoc4-L2_96KB_Assoc16_REUSE_DISTANCE_PREDICTION_MTPart-1_FIXED_LATENCY','mst_ht',1388388917624,118,'TWO_PHASE','COMPLETED','2013/12/16 16:59:52','2013/12/16 20:37:18','3:37:25.779',13045,98304,16,'REUSE_DISTANCE_PREDICTION',20,10,-1,163553310,100000002,63208419,1402082402,0.11665028372562086,0.07132248565230905,0.04508181467069009,8.572632385122624,14.020823739583525,22.181893237987808,51.857623670227156,38.367189232656216,73.48335986698227,4691020,3836719,238401,4644767,2827151,0.36756805486757904,0.8951822916666666,500239,4093751,3349,14347,33084,153789,84609),(110,'mst_ht-two_phase-lookahead_20-stride_10-C2T2-L1I_64KB_Assoc4-l1D_64KB_Assoc4-L2_96KB_Assoc16_PREFETCH_AWARE_RHM_LRU_MTPart-1_FIXED_LATENCY','mst_ht',1388388917948,117,'TWO_PHASE','COMPLETED','2013/12/16 16:49:37','2013/12/16 20:28:41','3:39:03.646',13143,98304,16,'PREFETCH_AWARE_RHM_LRU',20,10,-1,160644573,100000002,60310486,1356797126,0.11839984764236595,0.07370298778182996,0.04445062923872968,8.445956814239844,13.56797098864058,22.49686938354302,52.65278398169106,38.98471922030562,75.60728328403788,4641380,3898472,151205,4559912,3763412,0.3616780780333876,0.91796875,128180,4406753,14691,3837,6454,61454,89748),(111,'mst_ht-two_phase-lookahead_20-stride_10-C2T2-L1I_64KB_Assoc4-l1D_64KB_Assoc4-L2_96KB_Assoc16_HT_PREF_ACC_BASED_PREF_AND_RDP_SET_DUELING_MTPart-1_FIXED_LATENCY','mst_ht',1388388919038,119,'TWO_PHASE','COMPLETED','2013/12/16 17:23:53','2013/12/16 20:45:54','3:22:01.064',12121,98304,16,'HT_PREF_ACC_BASED_PREF_AND_RDP_SET_DUELING',20,10,-1,162301017,100000002,61961454,1379446148,0.11765665316860198,0.07249286399834146,0.04491763168126227,8.499306865094999,13.794461204110776,22.26297252482164,52.10059158162885,38.62263922754722,74.13826989921832,4671129,3862264,201795,4593715,3080685,0.3655907766753198,0.8763020833333334,298751,4269838,9327,4300,11502,114236,87556),(112,'mst_ht-two_phase-lookahead_20-stride_10-C2T2-L1I_64KB_Assoc4-l1D_64KB_Assoc4-L2_96KB_Assoc16_HT_USEFUL_PREF_BASED_PREF_AND_RDP_SET_DUELING_MTPart-1_FIXED_LATENCY','mst_ht',1388388919555,120,'TWO_PHASE','COMPLETED','2013/12/16 17:51:57','2013/12/16 20:56:18','3:04:21.035',11061,98304,16,'HT_USEFUL_PREF_BASED_PREF_AND_RDP_SET_DUELING',20,10,-1,162526685,100000002,62186678,1381563165,0.11763970632497284,0.07238178067667286,0.04501182397983229,8.500531251221915,13.815631373687372,22.216384753660584,52.1313961458083,38.67373922652522,74.05716381891311,4665041,3867374,200425,4605369,3047326,0.36477656033130085,0.8854166666666666,304719,4259165,8316,9937,23235,191377,9045),(113,'em3d_ht-two_phase-lookahead_0-stride_10-C2T2-L1I_64KB_Assoc4-l1D_64KB_Assoc4-L2_96KB_Assoc16_REUSE_DISTANCE_PREDICTION_MTPart-1_FIXED_LATENCY','em3d_ht',1388388919795,78,'TWO_PHASE','COMPLETED','2013/12/15 14:24:12','2013/12/15 15:55:05','1:30:53.044',5453,98304,16,'REUSE_DISTANCE_PREDICTION',0,10,-1,115593909,100000001,15513791,325913868,0.3546762514567192,0.3068295363239959,0.04760089251556488,2.819472676540422,3.2591386474086135,21.00800945429779,21.091803375210713,14.1167198588328,66.16126258243392,1369239,1411672,20521,1026412,1234447,0.3630659974648915,0.9348958333333334,91589,898937,9161,1364,25569,5876,14437),(114,'em3d_ht-two_phase-lookahead_0-stride_10-C2T2-L1I_64KB_Assoc4-l1D_64KB_Assoc4-L2_96KB_Assoc16_PREFETCH_AWARE_RHM_LRU_MTPart-1_FIXED_LATENCY','em3d_ht',1388388920034,77,'TWO_PHASE','COMPLETED','2013/12/15 14:20:20','2013/12/15 16:12:51','1:52:31.808',6751,98304,16,'PREFETCH_AWARE_RHM_LRU',0,10,-1,125378859,100000001,25270917,441062390,0.28426558655341255,0.22672529616501647,0.05729556083890989,3.51783700631699,4.410623855893761,17.453359132159708,27.802422416366063,21.164769788352302,54.18715118252337,937013,2116477,25873,1369359,1854785,0.2164410363245894,0.9231770833333334,547,556201,83882,106352,624333,314,23603),(115,'em3d_ht-two_phase-lookahead_0-stride_10-C2T2-L1I_64KB_Assoc4-l1D_64KB_Assoc4-L2_96KB_Assoc16_HT_PREF_ACC_BASED_PREF_AND_RDP_SET_DUELING_MTPart-1_FIXED_LATENCY','em3d_ht',1388388920218,79,'TWO_PHASE','COMPLETED','2013/12/15 14:24:56','2013/12/15 16:03:34','1:38:37.898',5917,98304,16,'HT_PREF_ACC_BASED_PREF_AND_RDP_SET_DUELING',0,10,-1,120785026,100000001,20696028,362713567,0.33300388237200956,0.2756996431842871,0.057058874778731394,3.0029679920754417,3.627135633728644,17.525757454522193,23.109164210470926,16.7157698328423,54.10042931909447,1161072,1671577,20729,1119664,1402737,0.2974549476194815,0.9563802083333334,239,787997,28033,27243,277079,83,19719),(116,'em3d_ht-two_phase-lookahead_0-stride_10-C2T2-L1I_64KB_Assoc4-l1D_64KB_Assoc4-L2_96KB_Assoc16_HT_USEFUL_PREF_BASED_PREF_AND_RDP_SET_DUELING_MTPart-1_FIXED_LATENCY','em3d_ht',1388388920408,80,'TWO_PHASE','COMPLETED','2013/12/15 14:24:55','2013/12/15 16:15:43','1:50:48.361',6648,98304,16,'HT_USEFUL_PREF_BASED_PREF_AND_RDP_SET_DUELING',0,10,-1,124837013,100000001,24731143,432697503,0.28850874371697033,0.23110833851980883,0.057155733112700675,3.4660994572178687,4.32697498673025,17.496057622569243,27.316738185653318,20.6595697934043,54.35183485049599,970572,2065957,25093,1344183,1801390,0.22598934814409624,0.9212239583333334,587,589753,78862,95238,581555,320,22961),(117,'429.mcf_ht-two_phase-lookahead_20-stride_10-C2T2-L1I_64KB_Assoc4-l1D_64KB_Assoc4-L2_96KB_Assoc16_REUSE_DISTANCE_PREDICTION_MTPart-1_FIXED_LATENCY','429.mcf_ht',1388388920586,38,'TWO_PHASE','COMPLETED','2013/12/14 07:31:12','2013/12/14 13:18:17','5:47:04.792',20824,98304,16,'REUSE_DISTANCE_PREDICTION',20,10,-1,958733411,100000000,858544371,768894031,1.246899276553234,0.13005693368427254,1.116596483241525,0.8019893978640117,7.68894031,0.8955786759214568,6.442585529127867,49.84013,1.3892223166180422,2126597,4984013,5448,1192709,1369782,0.256601851995609,0.6966145833333334,63,869271,4037,1140,318200,6,5440),(118,'429.mcf_ht-two_phase-lookahead_20-stride_10-C2T2-L1I_64KB_Assoc4-l1D_64KB_Assoc4-L2_96KB_Assoc16_PREFETCH_AWARE_RHM_LRU_MTPart-1_FIXED_LATENCY','429.mcf_ht',1388388920791,37,'TWO_PHASE','COMPLETED','2013/12/14 07:31:10','2013/12/14 13:24:08','5:52:58.425',21178,98304,16,'PREFETCH_AWARE_RHM_LRU',20,10,-1,981001351,100000000,880809055,782177893,1.2541921214845688,0.12784815435841013,1.1260981202392535,0.79732601000261,7.82177893,0.8880220844232806,6.328116667394885,50.12376,1.3572919047704386,2056917,5012376,5433,1195515,1587858,0.24937000022127528,0.7057291666666666,6,804094,19817,1563,370037,3,5428),(119,'429.mcf_ht-two_phase-lookahead_20-stride_10-C2T2-L1I_64KB_Assoc4-l1D_64KB_Assoc4-L2_96KB_Assoc16_HT_PREF_ACC_BASED_PREF_AND_RDP_SET_DUELING_MTPart-1_FIXED_LATENCY','429.mcf_ht',1388388920938,39,'TWO_PHASE','COMPLETED','2013/12/14 07:31:16','2013/12/14 13:28:52','5:57:36.379',21456,98304,16,'HT_PREF_ACC_BASED_PREF_AND_RDP_SET_DUELING',20,10,-1,995387183,100000000,895192963,789542842,1.2607133268139996,0.12665557165547706,1.1338117647072532,0.7932017364543461,7.89542842,0.8819806171778408,6.26873552982046,50.45033,1.3346686685248217,2020625,5045033,5434,1194786,1585815,0.2451111666540445,0.7076822916666666,10,770828,13348,2670,407932,1,5431),(120,'429.mcf_ht-two_phase-lookahead_20-stride_10-C2T2-L1I_64KB_Assoc4-l1D_64KB_Assoc4-L2_96KB_Assoc16_HT_USEFUL_PREF_BASED_PREF_AND_RDP_SET_DUELING_MTPart-1_FIXED_LATENCY','429.mcf_ht',1388388921108,40,'TWO_PHASE','COMPLETED','2013/12/14 07:31:20','2013/12/14 13:34:57','6:03:37.302',21817,98304,16,'HT_USEFUL_PREF_BASED_PREF_AND_RDP_SET_DUELING',20,10,-1,1025802409,100000000,925604193,806010116,1.2726917300874174,0.12406792174801935,1.148377885867626,0.7857362284669775,8.06010116,0.8707935012563194,6.151628173842591,51.15146,1.291274401130549,1956827,5115146,5433,1195209,1654937,0.2371994828721027,0.705078125,6,707076,19194,2147,466788,3,5428),(121,'429.mcf_ht-two_phase-lookahead_20-stride_20-C2T2-L1I_64KB_Assoc4-l1D_64KB_Assoc4-L2_96KB_Assoc16_LRU_MTPart-1_FIXED_LATENCY','429.mcf_ht',1389525264048,122,'TWO_PHASE','COMPLETED','2014/01/12 08:09:59','2014/01/12 14:52:25','6:42:25.960',24145,98304,16,'LRU',20,20,-1,1175046019,100000000,1074830191,880463593,1.3345764984969686,0.11357653035859258,1.2207548381844335,0.7493013709789013,8.80463593,0.8191652973395125,5.715082551162619,55.16365,1.1156366931639343,1721462,5516365,5476,1199120,1947532,0.2045547824362745,0.6881510416666666,91,456383,3566,7789,731293,21,5453),(122,'429.mcf_ht-two_phase-lookahead_20-stride_10-C2T2-L1I_64KB_Assoc4-l1D_64KB_Assoc4-L2_96KB_Assoc16_LRU_MTPart-1_FIXED_LATENCY','429.mcf_ht',1389525264129,121,'TWO_PHASE','COMPLETED','2014/01/12 08:09:46','2014/01/12 14:52:52','6:43:06.416',24186,98304,16,'LRU',20,10,-1,1175404981,100000000,1075189153,880537141,1.3348726888057525,0.11356704373245739,1.2210605355941482,0.7491351110753885,8.80537141,0.8189602160169858,5.713420572955697,55.16478,1.1152502763390508,1721389,5516478,5476,1199105,1947545,0.20454552992212685,0.685546875,92,456324,3578,7809,731304,21,5453),(123,'429.mcf_ht-two_phase-lookahead_20-stride_40-C2T2-L1I_64KB_Assoc4-l1D_64KB_Assoc4-L2_96KB_Assoc16_LRU_MTPart-1_FIXED_LATENCY','429.mcf_ht',1389525264175,123,'TWO_PHASE','COMPLETED','2014/01/12 08:09:57','2014/01/12 14:55:36','6:45:39.674',24339,98304,16,'LRU',20,40,-1,1174755603,100000000,1074539775,880425515,1.3343043596368285,0.11358144249147527,1.2204777765896528,0.7494541951973989,8.80425515,0.8193512566810288,5.7164545398639826,55.16347,1.115910297503878,1721512,5516347,5476,1199090,1947550,0.2045606564464594,0.6888020833333334,92,456418,3579,7842,731161,28,5446),(124,'429.mcf_ht-two_phase-lookahead_20-stride_80-C2T2-L1I_64KB_Assoc4-l1D_64KB_Assoc4-L2_96KB_Assoc16_LRU_MTPart-1_FIXED_LATENCY','429.mcf_ht',1389525264221,124,'TWO_PHASE','COMPLETED','2014/01/12 08:10:22','2014/01/12 14:58:31','6:48:09.492',24489,98304,16,'LRU',20,80,-1,1174617065,100000000,1074401237,880470245,1.334079228310549,0.11357567228180436,1.2202584279267723,0.7495806686581724,8.80470245,0.8194985399109327,5.717098108054475,55.16352,1.116016027073878,1721474,5516352,5476,1199049,1947129,0.20455794837243796,0.6881510416666666,92,456364,3579,7805,731211,21,5453),(125,'429.mcf_ht-two_phase-lookahead_20-stride_160-C2T2-L1I_64KB_Assoc4-l1D_64KB_Assoc4-L2_96KB_Assoc16_LRU_MTPart-1_FIXED_LATENCY','429.mcf_ht',1389525264271,125,'TWO_PHASE','COMPLETED','2014/01/12 08:10:14','2014/01/12 14:52:38','6:42:24.247',24144,98304,16,'LRU',20,160,-1,1165288623,100000000,1065073979,875557619,1.330910265312876,0.11421292880097705,1.2164521853130035,0.7513654572082783,8.75557619,0.8220627264052237,5.745050511833583,54.95675,1.1257124140106327,1742210,5495675,5475,1198967,1918286,0.207014606280946,0.6888020833333334,92,477042,3595,7637,710603,45,5428),(126,'429.mcf_ht-two_phase-lookahead_20-stride_320-C2T2-L1I_64KB_Assoc4-l1D_64KB_Assoc4-L2_96KB_Assoc16_LRU_MTPart-1_FIXED_LATENCY','429.mcf_ht',1389525264309,126,'TWO_PHASE','COMPLETED','2014/01/12 08:10:23','2014/01/12 14:54:01','6:43:37.145',24217,98304,16,'LRU',20,320,-1,1165372831,100000000,1065158187,875676221,1.330826169596308,0.11419745974808193,1.2163835918527244,0.7514129364493481,8.75676221,0.8221090835966133,5.744372806645601,54.95595,1.125411243729191,1742061,5495595,5476,1198741,1917138,0.20700820777569148,0.6875,92,476865,3588,7632,710566,63,5411),(127,'429.mcf_baseline-two_phase-C2T2-L1I_64KB_Assoc4-l1D_64KB_Assoc4-L2_96KB_Assoc16_LRU_MTPart-1_FIXED_LATENCY','429.mcf_baseline',1389525264406,1,'TWO_PHASE','COMPLETED','2014/01/08 04:48:02','2014/01/08 06:45:13','1:57:11.302',7031,98304,16,'LRU',-1,-1,-1,100000003,100000003,0,984072969,0.10161848374071131,0.10161848374071131,0,9.840729394778117,9.840729394778117,0,59.15389822538305,59.15389822538305,0,1257876,5915390,0,0,403436,0.17535610696717507,0.6809895833333334,0,0,0,0,0,0,0),(128,'em3d_ht-two_phase-lookahead_0-stride_20-C2T2-L1I_64KB_Assoc4-l1D_64KB_Assoc4-L2_96KB_Assoc16_LRU_MTPart-1_FIXED_LATENCY','em3d_ht',1389525305930,128,'TWO_PHASE','COMPLETED','2014/01/12 10:29:20','2014/01/12 12:15:10','1:45:49.819',6349,98304,16,'LRU',0,20,-1,119206199,100000001,19112169,384448655,0.3100705320454301,0.2601127607014258,0.049713189918690184,3.225072674282652,3.844486511555135,20.115385909364864,25.524519911921697,17.9385398206146,65.34198185459745,1021447,1793854,21112,1248827,1294199,0.25520140799561347,0.9069010416666666,328,657548,25117,108835,458491,42,19578),(129,'em3d_ht-two_phase-lookahead_0-stride_10-C2T2-L1I_64KB_Assoc4-l1D_64KB_Assoc4-L2_96KB_Assoc16_LRU_MTPart-1_FIXED_LATENCY','em3d_ht',1389525305955,127,'TWO_PHASE','COMPLETED','2014/01/12 10:23:55','2014/01/12 12:13:56','1:50:00.375',6600,98304,16,'LRU',0,10,-1,121740704,100000001,21644750,392068451,0.3105087993932978,0.25505750525180615,0.05520655881592472,3.220520648541674,3.920684470793155,18.11378976426154,25.425292431362973,18.457719815422802,57.72859469386341,972465,1845772,23754,1249521,1367041,0.24348431582261032,0.9095052083333334,220,608644,25586,155094,461728,50,21953),(130,'em3d_ht-two_phase-lookahead_0-stride_40-C2T2-L1I_64KB_Assoc4-l1D_64KB_Assoc4-L2_96KB_Assoc16_LRU_MTPart-1_FIXED_LATENCY','em3d_ht',1389525305980,129,'TWO_PHASE','COMPLETED','2014/01/12 14:53:59','2014/01/12 16:44:52','1:50:52.692',6652,98304,16,'LRU',0,40,-1,119042361,100000001,18945815,394581985,0.30169233651151106,0.25343275872059895,0.048014901136452036,3.3146350734760714,3.945819810541802,20.826867833344725,26.393226525471885,18.5658598143414,67.84221211914083,960860,1856586,21446,1285326,1387191,0.23817994102154638,0.875,395,599022,25805,82082,579499,29,19940),(131,'em3d_ht-two_phase-lookahead_0-stride_80-C2T2-L1I_64KB_Assoc4-l1D_64KB_Assoc4-L2_96KB_Assoc16_LRU_MTPart-1_FIXED_LATENCY','em3d_ht',1389525306002,130,'TWO_PHASE','COMPLETED','2014/01/12 14:52:42','2014/01/12 16:48:25','1:55:43.345',6943,98304,16,'LRU',0,80,-1,120182357,100000001,20078263,425405840,0.2825122405465802,0.2350696478449849,0.04719790165551089,3.539669637199743,4.254058357459416,21.18738259380306,28.529653483164754,20.4946697950533,68.69588270658673,775217,2049467,23221,1379294,1692898,0.1888811007004875,0.9752604166666666,132,419426,28024,56704,876626,37,21566),(132,'em3d_baseline-two_phase-C2T2-L1I_64KB_Assoc4-l1D_64KB_Assoc4-L2_96KB_Assoc16_LRU_MTPart-1_FIXED_LATENCY','em3d_baseline',1389525306075,41,'TWO_PHASE','COMPLETED','2014/01/08 06:38:14','2014/01/08 07:31:30','0:53:16.892',3196,98304,16,'LRU',-1,-1,-1,100000002,100000002,0,479710860,0.20845890793466715,0.20845890793466715,0,4.79710850405783,4.79710850405783,0,24.23270951534581,24.23270951534581,0,340935,2423271,0,0,49663,0.12333921567350624,0.6692708333333334,0,0,0,0,0,0,0),(133,'em3d_ht-two_phase-lookahead_0-stride_160-C2T2-L1I_64KB_Assoc4-l1D_64KB_Assoc4-L2_96KB_Assoc16_LRU_MTPart-1_FIXED_LATENCY','em3d_ht',1389557307257,131,'TWO_PHASE','COMPLETED','2014/01/12 17:34:17','2014/01/12 19:33:25','1:59:08.213',7148,98304,16,'LRU',0,160,-1,121437057,100000001,21326155,453545667,0.2677504512461807,0.22048496607068235,0.04702096514572148,3.734820969846132,4.535456624645434,21.267109190569045,30.3733727670953,22.250599777494003,68.61963631043665,606484,2225060,25134,1463393,1965271,0.14620546745643764,0.8684895833333334,190,255733,30608,33870,1144731,40,23355),(134,'em3d_ht-two_phase-lookahead_0-stride_320-C2T2-L1I_64KB_Assoc4-l1D_64KB_Assoc4-L2_96KB_Assoc16_LRU_MTPart-1_FIXED_LATENCY','em3d_ht',1389557307275,132,'TWO_PHASE','COMPLETED','2014/01/12 17:34:01','2014/01/12 19:35:27','2:01:26.655',7286,98304,16,'LRU',0,320,-1,122309765,100000001,22193979,473298043,0.25842017901603703,0.21128336040890836,0.04689218417072559,3.8696668495765647,4.732980382670196,21.325515492287344,31.65691635496152,23.501949764980502,68.56611876581482,486262,2350195,26799,1521755,2163771,0.11700335529374954,0.9700520833333334,163,139040,32314,22575,1329527,50,24885),(135,'mst_ht-two_phase-lookahead_20-stride_20-C2T2-L1I_64KB_Assoc4-l1D_64KB_Assoc4-L2_96KB_Assoc16_LRU_MTPart-1_FIXED_LATENCY','mst_ht',1389557325613,134,'TWO_PHASE','COMPLETED','2014/01/12 15:53:31','2014/01/12 21:05:18','5:11:47.712',18707,98304,16,'LRU',20,20,-1,165577802,100000002,65183923,1606896420,0.10304198823219732,0.06223176600268983,0.040565105621431403,9.704781683235534,16.06896387862072,24.65172923084117,51.49547159709247,30.492039390159213,84.02843443466881,5510288,3049204,157274,5477303,1442302,0.3992908587382519,0.8463541666666666,2205378,3228724,13676,1030,28498,102811,54460),(136,'mst_ht-two_phase-lookahead_20-stride_10-C2T2-L1I_64KB_Assoc4-l1D_64KB_Assoc4-L2_96KB_Assoc16_LRU_MTPart-1_FIXED_LATENCY','mst_ht',1389557325637,133,'TWO_PHASE','COMPLETED','2014/01/12 15:53:55','2014/01/12 20:43:11','4:49:16.535',17356,98304,16,'LRU',20,10,-1,163406217,100000002,63066950,1385236065,0.1179627221155262,0.07218986317685859,0.04552794400425894,8.477254356852285,13.852360372952793,21.96453237392961,52.15438651272368,37.49730925005382,75.67545283226794,4840013,3749731,98900,4772620,1680483,0.366898160529353,0.8216145833333334,292738,4436998,17025,1849,24013,9947,88950),(137,'mst_ht-two_phase-lookahead_20-stride_40-C2T2-L1I_64KB_Assoc4-l1D_64KB_Assoc4-L2_96KB_Assoc16_LRU_MTPart-1_FIXED_LATENCY','mst_ht',1389557325673,135,'TWO_PHASE','COMPLETED','2014/01/12 15:55:27','2014/01/12 21:09:37','5:14:09.907',18849,98304,16,'LRU',20,40,-1,162366617,100000002,61966966,1630589738,0.09957539485017905,0.06132750603634671,0.03800279405413503,10.042641573298285,16.30589705388206,26.31385467540883,52.510098181081155,29.624489407510215,89.78070670750606,5575353,2962449,143929,5563438,1416666,0.40148923470125203,0.7955729166666666,2423327,3097781,13293,994,28046,113542,30384),(138,'mst_ht-two_phase-lookahead_20-stride_80-C2T2-L1I_64KB_Assoc4-l1D_64KB_Assoc4-L2_96KB_Assoc16_LRU_MTPart-1_FIXED_LATENCY','mst_ht',1389557325694,136,'TWO_PHASE','COMPLETED','2014/01/12 15:58:05','2014/01/12 21:32:38','5:34:33.274',20073,98304,16,'LRU',20,80,-1,169415391,100000002,68942776,1925628659,0.08797926339961062,0.051931093532815976,0.03580273677262507,11.36631475826184,19.256286204874275,27.93082568940943,50.24156866597793,21.43110957137781,92.37492844790584,6378788,2143111,358389,6368584,963484,0.4418147781685098,0.82421875,4586469,1750499,8961,645,22013,339771,18615),(139,'mst_ht-two_phase-lookahead_20-stride_160-C2T2-L1I_64KB_Assoc4-l1D_64KB_Assoc4-L2_96KB_Assoc16_LRU_MTPart-1_FIXED_LATENCY','mst_ht',1389557325727,137,'TWO_PHASE','COMPLETED','2014/01/12 17:45:38','2014/01/12 22:26:05','4:40:27.862',16827,98304,16,'LRU',20,160,-1,173420246,100000002,72899827,2118909736,0.0818440932398453,0.04719408302345919,0.03440440419025004,12.21835272912714,21.18909693621806,29.066046151248067,49.026109673492215,16.117829677643407,94.51787862267491,6899235,1611783,510429,6890337,680246,0.4656714797033444,0.78125,5915693,950387,5943,433,17884,500175,10251),(140,'mst_ht-two_phase-lookahead_20-stride_320-C2T2-L1I_64KB_Assoc4-l1D_64KB_Assoc4-L2_96KB_Assoc16_LRU_MTPart-1_FIXED_LATENCY','mst_ht',1389557326285,138,'TWO_PHASE','COMPLETED','2014/01/12 17:49:31','2014/01/12 22:34:30','4:44:58.472',17098,98304,16,'LRU',20,320,-1,175818237,100000002,75269846,2231946851,0.07877348733516057,0.044803935163239245,0.03372385232483298,12.69462650225528,22.31946806361064,29.65260286303761,48.30697966787143,12.466439750671206,96.27499437158407,7255520,1246644,544771,7246604,482089,0.47873522136596597,0.72265625,6727631,500108,3899,234,14735,541355,3413),(141,'mst_baseline-two_phase-C2T2-L1I_64KB_Assoc4-l1D_64KB_Assoc4-L2_96KB_Assoc16_LRU_MTPart-1_FIXED_LATENCY','mst_baseline',1389557326332,81,'TWO_PHASE','COMPLETED','2014/01/08 05:23:24','2014/01/08 08:19:51','2:56:26.672',10586,98304,16,'LRU',-1,-1,-1,100000001,100000001,0,2399382056,0.04167739804085623,0.04167739804085623,0,23.993820320061797,23.993820320061797,0,88.69251911307481,88.69251911307481,0,14736,8869252,0,0,129292,0.00165871453225736,0.6725260416666666,0,0,0,0,0,0,0);
/*!40000 ALTER TABLE `ExperimentSummary` ENABLE KEYS */;
UNLOCK TABLES;

--
-- Table structure for table `User`
--

DROP TABLE IF EXISTS `User`;
/*!40101 SET @saved_cs_client     = @@character_set_client */;
/*!40101 SET character_set_client = utf8 */;
CREATE TABLE `User` (
  `id` bigint(20) NOT NULL AUTO_INCREMENT,
  `email` varchar(255) DEFAULT NULL,
  `createTime` bigint(20) DEFAULT NULL,
  `password` varchar(255) DEFAULT NULL,
  PRIMARY KEY (`id`)
) ENGINE=InnoDB AUTO_INCREMENT=2 DEFAULT CHARSET=utf8;
/*!40101 SET character_set_client = @saved_cs_client */;

--
-- Dumping data for table `User`
--

LOCK TABLES `User` WRITE;
/*!40000 ALTER TABLE `User` DISABLE KEYS */;
INSERT INTO `User` VALUES (1,'test@archimulator.com',1386859917652,'archimulator');
/*!40000 ALTER TABLE `User` ENABLE KEYS */;
UNLOCK TABLES;
/*!40103 SET TIME_ZONE=@OLD_TIME_ZONE */;

/*!40101 SET SQL_MODE=@OLD_SQL_MODE */;
/*!40014 SET FOREIGN_KEY_CHECKS=@OLD_FOREIGN_KEY_CHECKS */;
/*!40014 SET UNIQUE_CHECKS=@OLD_UNIQUE_CHECKS */;
/*!40101 SET CHARACTER_SET_CLIENT=@OLD_CHARACTER_SET_CLIENT */;
/*!40101 SET CHARACTER_SET_RESULTS=@OLD_CHARACTER_SET_RESULTS */;
/*!40101 SET COLLATION_CONNECTION=@OLD_COLLATION_CONNECTION */;
/*!40111 SET SQL_NOTES=@OLD_SQL_NOTES */;

-- Dump completed on 2014-01-13 18:57:20
